Message,Abusive_Score,NLTK_Neg,NLTK_Neu,NLTK_Pos,NLTK_Compound,Overall_score
"WTF, players walking like they just won their last Game!! Sack Wenger if we loose this Game in Milan!!",-0.05263157894736842,0.214,0.527,0.259,0.3111,-0.214
"yeh lets all forget that we have had the most disgusting season ever. even WORSE then last year.. lets all smile coz u don't give a Fu.. what shirt ur wearing, and lets go out the europa league tomorrow night then give wenger another contract. fuc..g disgrace of players ruining the clubs name.",-0.018518518518518517,0.226,0.733,0.041,-0.8858,-0.226
If Wenger was coaching in Italy.... Then he was long time dead... How the hell can survive dat long... But we.. AC MILAN will kill him tomorrow.... Forza Milan,-0.034482758620689655,0.257,0.743,0.0,-0.8847,-0.257
"Wenger the man to take us forward or so he says.So who is-the man who has taken us to our present position 30 points adrift and not in the Champions League ? Please can you explain that mr Wenger,if it was not you who the hell was it because whoever it is needs the Sack",-0.018518518518518517,0.122,0.841,0.038,-0.7249,-0.122
Welcome to the hell ???????? Forza Milan ??????,-0.16666666666666666,0.382,0.412,0.206,-0.5514,-0.42993358039234775
Welcome to  Hell Arsenal The great Milan is Back ????????????,-0.1111111111111111,0.234,0.356,0.41,0.5362,-0.28676966733820225
Whre de hell is Cech en Chambers going tooo ???? ???? ???? ???? bad #OMEN,-0.09090909090909091,0.411,0.589,0.0,-0.8767,-0.411
Good luck Arsenal x I have faith we can do it in San Siro xxx,-0.06666666666666667,0.0,0.535,0.465,0.8271,-0.17210709770537855
"Seriously the shite football endeded with Brighton.... Don't be shite, give em hell ????",-0.07142857142857142,0.377,0.623,0.0,-0.8053,-0.377
The devil is ready ???????????????? welcome to the hell,-0.125,0.487,0.244,0.269,-0.755,-0.487
"And pull your fingers out respect the travelling fans and give it one hell of a go,.....",-0.058823529411764705,0.212,0.645,0.143,-0.3612,-0.212
To hell with Arsenal..am bored with Wenger..nkt!,-0.14285714285714285,0.583,0.417,0.0,-0.7901,-0.583
Lol ! No you won't as I won't waste my time or money on this current crop of complete crap,-0.047619047619047616,0.296,0.586,0.117,-0.5069,-0.296
WTF! That team doesn't even have a striker!!!! It's gonna be a long night tomorrow...,-0.05555555555555555,0.293,0.707,0.0,-0.7156,-0.293
Hw the hell are they smiling. Like seriously,-0.125,0.399,0.253,0.348,-0.2023,-0.399
welcome to hell ????????????????,-0.3333333333333333,0.527,0.189,0.284,-0.5514,-0.8574929257125441
Welcome to the hell  ????????????,-0.25,0.481,0.26,0.26,-0.5514,-0.6441566264008308
Lets not screw up this time..,0.16666666666666666,0.0,0.794,0.206,0.0762,-0.0
Gattuso be like: Welcome to my hell.,-0.14285714285714285,0.326,0.284,0.39,-0.0258,-0.36860489038724276
Nrk Vargas on va vous enculer,-0.16666666666666666,0.0,1.0,0.0,0.0,-0.42993358039234775
MILAN will screw all of you ????????,-0.16666666666666666,0.282,0.718,0.0,-0.3313,-0.42993358039234775
"See you soon,Milan. We are coming to lose!!! Wenger is too idiot to manage the players and strategies. The longer he stays,the worse Arsenal will be. Ferguson is brillant while wenger is very completely stupid. Resign now,wenger!!! We never need you anymore. Gooooooooooo....!!!",-0.046511627906976744,0.311,0.689,0.0,-0.953,-0.311
Fck u EXPIRED wenger,-0.25,0.0,1.0,0.0,0.0,-0.6441566264008308
Go and fuck???? us  up again.,-0.16666666666666666,0.0,1.0,0.0,0.0,-0.42993358039234775
"Every day,  5v2 drill 
WTF..!",-0.2,0.0,1.0,0.0,0.0,-0.5157106231293968
These fags....,-0.5,0.0,1.0,0.0,0.0,-1
To hell with Wenger,-0.25,0.605,0.395,0.0,-0.6808,-0.6441566264008308
"You mean this idiot called wenger hasn't yet left our club. He is already on pension and he can't see how even his brain is wrinkled to handle a club with unique reputation. he has destroyed it all, for the first time we played in Europa in decades now and still the board is letting this mongrel continue humiliating our reputation. Nkt. To hell",-0.030303030303030304,0.187,0.781,0.032,-0.9095,-0.187
"All Rubbish,,,,, Even Ramsey is it a player? Very average Idiots that Arsene Wenger pack full d squad,,, Is Ramsey a player? Is Chamber a footballer?,,, see Xhaka, i hate that Idiot, i don't know his contribution to Arsenal,, see old foolish Kocielny and Cech do there Worth to wear our jerseys?,, as big as Arsenal FC, what is Holding doing there,? See Welbeck, see that backward player Bellerin who always pass back every ball that got to him, is that a player?, see Mustafi , see Iwobi, what are there doing in our squad? Wenger if you don't want to leave Arsenal U will Die soon,, you shall die soon, i hate you Arsene Wenger i hate you with passion,,, #WengerOut #WengerOut #WengerOut WengerOut we hate u wenger we hate u wenger we Hate U...",-0.0072992700729927005,0.249,0.73,0.02,-0.9887,-0.249
"Wenger pls and pls leave us alone go africa and find a team like ur 

idiot couch 

@arsene wenger out 

@yahaya niceboy kachia nigeria",-0.041666666666666664,0.227,0.594,0.178,-0.34,-0.227
"Players are not bad, it's just the idiot management",-0.1,0.251,0.532,0.217,-0.1154,-0.25811286645983367
idiot,-1.0,1.0,0.0,0.0,-0.5106,-1
Fcuk you all,-0.3333333333333333,0.0,1.0,0.0,0.0,-0.8574929257125441
Fuk Arsenal,-0.5,0.0,1.0,0.0,0.0,-1
Fuk arsenal,-0.5,0.0,1.0,0.0,0.0,-1
"F*UCK YOU Arsene Wenger!!!!!!
You must Quit !!!!
#WengerOut",-0.125,0.0,1.0,0.0,0.0,-0.3225806451612903
Idiot manager..wenger will die soon..kill him..after he die arsenal get a new manager..if not he still manange a club..,-0.05263157894736842,0.442,0.558,0.0,-0.9022,-0.442
shut up and sleep you idiot wenger out!!!,-0.125,0.374,0.626,0.0,-0.6341,-0.374
Wenger leave the club and go idiot dictator,-0.125,0.429,0.571,0.0,-0.5423,-0.429
Shut up jooor! Idiot!,-0.25,0.564,0.436,0.0,-0.5972,-0.6441566264008308
Fck off wenger,-0.3333333333333333,0.0,1.0,0.0,0.0,-0.8574929257125441
fuck???????? You Arsenal,-0.3333333333333333,0.0,1.0,0.0,0.0,-0.8574929257125441
Luka Pol??ak Kukec doktor,-0.25,0.0,1.0,0.0,0.0,-0.6441566264008308
He is no longer the boss he us an idiot,-0.1,0.407,0.593,0.0,-0.6705,-0.407
Wenger idiot,-0.5,0.767,0.233,0.0,-0.5106,-1
Wenger out he is a idiot to the club,-0.1111111111111111,0.32,0.68,0.0,-0.5106,-0.32
Idiot,-1.0,1.0,0.0,0.0,-0.5106,-1
Mark Viya the fuck????????,-0.25,0.0,1.0,0.0,0.0,-0.6441566264008308
All arsenal player and board of trustees ur father ????????????fuck you including that our stupid he  goat???? coach... Am not ready for another heart break.... ????????,-0.04,0.21,0.747,0.042,-0.7327,-0.21
DT is a professional Fan. Fuk Arsenal and the players and the manager,-0.07692307692307693,0.0,0.827,0.173,0.3182,-0.1985753676973844
Fck off,-0.5,0.0,1.0,0.0,0.0,-1
Fk off wenger out city will fuk us,-0.125,0.0,1.0,0.0,0.0,-0.3225806451612903
Sack Wenger now you idiot Kroenke,-0.16666666666666666,0.398,0.602,0.0,-0.5106,-0.42993358039234775
Fuk wenger. He need to leave,-0.16666666666666666,0.194,0.806,0.0,-0.0516,-0.42993358039234775
Wenger is fcuk,-0.3333333333333333,0.0,1.0,0.0,0.0,-0.8574929257125441
Fuk off wenger,-0.3333333333333333,0.0,1.0,0.0,0.0,-0.8574929257125441
COYG!!! You can do this xxx,-0.16666666666666666,0.0,1.0,0.0,0.0,-0.42993358039234775
It was a crap game Arsenal did not turn up,-0.1,0.245,0.755,0.0,-0.3818,-0.25811286645983367
Why the hell is chambers on the right back sane will smoke him all day long stupid line up,-0.05263157894736842,0.32,0.68,0.0,-0.8402,-0.32
Fuk off wenger out,-0.25,0.0,1.0,0.0,0.0,-0.6441566264008308
Wtf 3 0,-0.3333333333333333,1.0,0.0,0.0,-0.5859,-1.0
Cum on gunners????,-0.3333333333333333,0.0,1.0,0.0,0.0,-0.8574929257125441
Wenger just go man wtf,-0.2,0.487,0.513,0.0,-0.5859,-0.5157106231293968
Fanny out,-0.5,0.0,1.0,0.0,0.0,-1
Wtf She came for Giroud!,-0.2,0.506,0.494,0.0,-0.6239,-0.5157106231293968
COYG xxx,-0.5,0.0,1.0,0.0,0.0,-1
COYG xxx,-0.5,0.0,1.0,0.0,0.0,-1
COYG xxx,-0.5,0.0,1.0,0.0,0.0,-1
"Wenger is an idiot and because of him, we are going to lose again. May lightening struck him dead before we play Manchester City.",-0.041666666666666664,0.365,0.564,0.071,-0.872,-0.365
Melvin Chua Jovan Yi Hui Ong,-0.16666666666666666,0.0,1.0,0.0,0.0,-0.42993358039234775
Doomsday . Bye bye Europa . AC Milan may not  be  old titans . We too ain't  no where  closer to Invincibles . So shut  the fck up saying  they are easy while we failed to even win at home against such a small side we last played . ???? Wenger out . He is not trying  to win Europa . He hates silverware  i guess apart from  FA Cup in alternate  seasons,-0.015151515151515152,0.122,0.685,0.193,0.6954,-0.122
Roy is an idiot!,-0.25,0.545,0.455,0.0,-0.5562,-0.6441566264008308
Fu Iwobi,-0.5,0.825,0.175,0.0,-0.6908,-1
I hate arsenal is abuffalo tem so fuk,-0.125,0.381,0.619,0.0,-0.5719,-0.381
Bloody crap arsenal play like that on Sunday b getting a hammering Wenger out and half of the players,-0.05263157894736842,0.235,0.556,0.209,-0.1531,-0.235
Do not waste your time read crap,-0.14285714285714285,0.262,0.503,0.235,-0.069,-0.36860489038724276
Shut Fuk up,-0.3333333333333333,0.0,1.0,0.0,0.0,-0.8574929257125441
Joseph Meola fuk yeah,-0.25,0.0,0.577,0.423,0.296,-0.6441566264008308
Fck u Emrul Hasan r u honest with arsenal team,-0.1,0.0,0.645,0.355,0.5106,-0.25811286645983367
Wtf,-1.0,1.0,0.0,0.0,-0.5859,-1
arsenal :poop:,-0.5,0.0,1.0,0.0,0.0,-1
Tiada Nama kah suka ah ni,-0.16666666666666666,0.0,1.0,0.0,0.0,-0.42993358039234775
Orospu evlad?? ??sterdursun,-0.3333333333333333,0.0,1.0,0.0,0.0,-0.8574929257125441
Good luck gays!,-0.3333333333333333,0.0,0.139,0.861,0.7345,-0.8574929257125441
Cylia wtf????,-0.5,0.0,1.0,0.0,0.0,-1
I see a lot of haters ???? this is an Arsenal fan page WTF,-0.07692307692307693,0.413,0.467,0.119,-0.7691,-0.413
Cause aub isn't eligible you idiot,-0.14285714285714285,0.0,0.649,0.351,0.4023,-0.36860489038724276
"Idiot, you're an idiot, many many want Wenger to go but you still support the team, if not go glory hunting to City or Spuds.",-0.07692307692307693,0.246,0.61,0.143,-0.5228,-0.246
LORD WELBECK IS COMMING SON OF BITCHES????????,-0.14285714285714285,0.0,1.0,0.0,0.0,-0.36860489038724276
"next premier league season teams is official...   -->  Flinstone family FC, Vatikan SC,  England Old boys, Duck tales team,Nottingham B and Arsenal!!???   wenger will not win this league.. stably 4th !!!!!!  BECAUSE hes tactikaly 0!!!! agility 0!!!!! mentality 0!!!!!wenger not manager.. wenger is FOOL!!:))))   F CK U CIGAN wenger!!! i hate u!!!! f king thief!!! suck ur mother!!!!  why???why?? go f uck yourself!! Arsenal is not Arsene!!!!!! wenger TAKARODJ,OUT!!!!!  f king kurva wenger!!!!!! i waiting a DAY!! when u die!!!! i hope this year u die!!!!      wenger = idiot,simp,thief,invertebrate!!!!!!",-0.011627906976744186,0.171,0.797,0.033,-0.9231,-0.171
"next premier league season teams is official... --> Flinstone family FC, Vatikan SC, England Old boys, Duck tales team,Nottingham B and Arsenal!!??? wenger will not win this league.. stably 4th !!!!!! BECAUSE hes tactikaly 0!!!! agility 0!!!!! mentality 0!!!!!wenger not manager.. wenger is FOOL!!:)))) F CK U CIGAN wenger!!! i hate u!!!! f king thief!!! suck ur mother!!!! why???why?? go f uck yourself!! Arsenal is not Arsene!!!!!! wenger TAKARODJ,OUT!!!!! f king kurva wenger!!!!!! i waiting a DAY!! when u die!!!! i hope this year u die!!!! wenger = idiot,simp,thief,invertebrate!!!!!!",-0.011627906976744186,0.171,0.797,0.033,-0.9231,-0.171
Fuk wenger,-0.5,0.0,1.0,0.0,0.0,-1
Nothing to separate both teams? One of the teams in question is Tottenham hotcum who for the first time since they crawled out from the turd they were living under play at a real stadium but they're still Tottenham hotcum,-0.024390243902439025,0.0,0.957,0.043,0.1779,-0.06297409023248479
This is all crap!!!!!! What are all this arsenal players doing??? To hell..... Just irritating the fans,-0.11764705882352941,0.227,0.773,0.0,-0.6916,-0.3036233520234977
Kurwa. Bloody Spurs????,-0.3333333333333333,0.659,0.341,0.0,-0.594,-0.8574929257125441
Wtf xhaka. The fact that he is still on the pitch.,-0.09090909090909091,0.275,0.725,0.0,-0.5859,-0.275
Czech wtf are you doing ??????,-0.2,0.488,0.512,0.0,-0.6966,-0.5157106231293968
pojebalo wam sie gramy z totkami a nie z czelsi kurwa dzbany,-0.08333333333333333,0.0,1.0,0.0,0.0,-0.21511595185875906
Play mikhi through the middle! Not on the left side wtf,-0.09090909090909091,0.264,0.581,0.155,-0.4003,-0.264
Come you Gunners. We love you xxx,-0.14285714285714285,0.0,0.588,0.412,0.6369,-0.36860489038724276
Po chuj ten elneny dla ??ciemy ????????,-0.16666666666666666,0.432,0.568,0.0,-0.6767,-0.432
They are crap,-0.3333333333333333,0.565,0.435,0.0,-0.3818,-0.8574929257125441
Fck u wenger with ur elneny,-0.16666666666666666,0.0,1.0,0.0,0.0,-0.42993358039234775
If he is useless why did arsenal sign him see hw dumb u are when arsenal were signing him were are u .....idiot old fool,-0.04,0.31,0.69,0.0,-0.8402,-0.31
But Rihanna Friday you were not in Senegal ????????? for the arrival of Macron In Dakar on Saturday you did everything to get to London I'm sorry that the president of Senegal has paid you so much for a crap the African Presidents are all thieves,-0.021739130434782608,0.202,0.798,0.0,-0.8923,-0.202
"Fck rahina, fck gooner. Singing ????????",-0.4,0.0,1.0,0.0,0.0,-1
Idiot :-(,-1.0,1.0,0.0,0.0,-0.7003,-1
Mourinho you can now officially go and fck urself for letting mkhitaryan go :)) thank god he left that sh*t team of urs,-0.045454545454545456,0.0,0.82,0.18,0.5574,-0.11735504967785533
The Arsenal we know making soccer better than sex,-0.1111111111111111,0.0,0.734,0.266,0.4404,-0.28676966733820225
Well done arsenal xxx,-0.25,0.0,0.588,0.412,0.2732,-0.6441566264008308
Ahmed shut up you idiot!!,-0.2,0.493,0.507,0.0,-0.5972,-0.5157106231293968
The gunners i know..we back bitches????????????????,-0.16666666666666666,0.0,1.0,0.0,0.0,-0.42993358039234775
Fck Iwobi Fck Wenger love is Iwobi,-0.2857142857142857,0.0,0.588,0.412,0.6369,-0.7357118927777097
WTF Lacazette on the bench typical Wenger!!,-0.14285714285714285,0.422,0.578,0.0,-0.658,-0.422
Lacazette is useless idiot,-0.25,0.753,0.247,0.0,-0.7269,-0.753
Wenger such a idiot,-0.25,0.623,0.377,0.0,-0.5106,-0.6441566264008308
y the fuk wud u drop laca,-0.14285714285714285,0.344,0.656,0.0,-0.2732,-0.36860489038724276
Fuk wenger,-0.5,0.0,1.0,0.0,0.0,-1
Ryan David Herd  wtf,-0.25,0.559,0.441,0.0,-0.5859,-0.6441566264008308
like idiot,-0.5,0.569,0.0,0.431,-0.2023,-1
Arsenal is anus,-0.3333333333333333,0.0,1.0,0.0,0.0,-0.8574929257125441
Fuk Wenger chatting about GIROUD it's Xhaka I want to no about he is not good enough to be are DM so why is he still playing and y ain't he got a better 1 i.e Danilo Pereira big powerful it's what we need someone to protect the back 4 plus let the front men do there thing,-0.01639344262295082,0.114,0.748,0.138,0.125,-0.114
Hopefully the boss will fook off. He's turned into a pig headed clueless idiot.,-0.06666666666666667,0.314,0.541,0.146,-0.4767,-0.314
Wtf ....French stick ....Iwoby you are shiiiiit ....,-0.14285714285714285,0.352,0.648,0.0,-0.5859,-0.36860489038724276
U guys are trash wtf,-0.2,0.559,0.441,0.0,-0.5859,-0.559
He should be starting instead of iwobi! Wtf! Iwobi isnt good enough for 1st team!,-0.06666666666666667,0.353,0.647,0.0,-0.7954,-0.353
Where is wilshere u idiot,-0.2,0.524,0.476,0.0,-0.5106,-0.524
This Arsenal site is useless like Wenger. they never do something to improve the team no proper critic no proper survey it's just all BS that how we one 15 years ago wake the fuk up and be constractive dont be cliche and dont praise this useless players and manager,-0.0196078431372549,0.241,0.673,0.087,-0.8236,-0.241
He will never see the first team what an idiot,-0.1,0.268,0.732,0.0,-0.5106,-0.268
when cazorla will cum back,-0.2,0.0,1.0,0.0,0.0,-0.5157106231293968
RW is an idiot,-0.25,0.524,0.476,0.0,-0.5106,-0.6441566264008308
All idiot arsenal fans!!! Just boycott and banned arsenal games!!! Sacked wenger gazidis kroenke!!! It the same old story every season!!!,-0.047619047619047616,0.352,0.648,0.0,-0.8679,-0.352
Lacazett has fail we r tired of saying he needs help crap,-0.08333333333333333,0.481,0.374,0.144,-0.743,-0.481
Crap,-1.0,1.0,0.0,0.0,-0.3818,-1
Wtf,-1.0,1.0,0.0,0.0,-0.5859,-1
Wtf are we doing,-0.25,0.559,0.441,0.0,-0.5859,-0.6441566264008308
Wenger is the real hell...  I hate him..,-0.125,0.381,0.619,0.0,-0.5719,-0.381
Traitor . Dirty greedy little chillen scum . Hope u play crap at the northern scums,-0.07142857142857142,0.374,0.384,0.242,-0.4144,-0.374
Idiot,-1.0,1.0,0.0,0.0,-0.5106,-1
Wenger idiot,-0.5,0.767,0.233,0.0,-0.5106,-1
Announce auba now of fuk off,-0.16666666666666666,0.0,1.0,0.0,0.0,-0.42993358039234775
"Alexis is not a fool or is stupid,wenger is and idiot.",-0.09090909090909091,0.241,0.584,0.176,-0.2249,-0.241
yed,-1.0,0.0,1.0,0.0,0.0,-1
"Saya suka arsenal
Dan andalanku adalah alexis Sanchez Andrew Flan Lule 
????????????????????????????????????????????????????",-0.09090909090909091,0.0,1.0,0.0,0.0,-0.23466162723196607
"If you want wenger out just go support man city, half of you idiot plastic fans support about 3 premier league teams anyway, thats the difference with you foreigners and us real fans",-0.030303030303030304,0.087,0.737,0.176,0.34,-0.087
Stupid idiot xD,-0.3333333333333333,0.638,0.0,0.362,-0.4404,-0.8574929257125441
Bunch of knobs,-0.3333333333333333,0.0,1.0,0.0,0.0,-0.8574929257125441
Wenger idiot,-0.5,0.767,0.233,0.0,-0.5106,-1
Kediye h mohammed.... what an absolutely stupid statement!! You idiot!!,-0.1,0.538,0.462,0.0,-0.8466,-0.538
Sanchez the witch idiot,-0.25,0.744,0.256,0.0,-0.7003,-0.744
Were the fuk is my team on fuking tv! Getting pissed of with  coverage of the football its a joke,-0.05,0.323,0.595,0.082,-0.8172,-0.323
Teams crap,-0.5,0.722,0.278,0.0,-0.3818,-1
WTF Iwobi,-0.5,0.792,0.208,0.0,-0.5859,-1
Wtf,-1.0,1.0,0.0,0.0,-0.5859,-1
Saya suka pelatih arsenal,-0.25,0.0,1.0,0.0,0.0,-0.6441566264008308
Sanchez should be in wtf,-0.2,0.487,0.513,0.0,-0.5859,-0.5157106231293968
Wtf Wenger iwobi sucks mate,-0.2,0.677,0.323,0.0,-0.743,-0.677
"What the hell?
Who cares about all these now?",-0.1111111111111111,0.332,0.468,0.201,-0.4515,-0.332
"Idiot, still taking a dig at ownership of chelsea and city, praising united's riches. Wtf is he doing with our new found riches. Wenger, true disgrace, bowing before united's money, f*****g f*****g disgrace. He still cant come out with the figures v offered alexis, it wont be more than 200k, true outdated f*****g disgrace of a f*****g manager with a f*****g owner kroenke, disgraceful f****r ceo gazidis. F*****g b****rds, hav ruined arsenal",-0.02702702702702703,0.214,0.615,0.172,-0.5994,-0.214
"Arsene's is dog
Brain like dog's brain
Sold our king Henry
Sold Van-P (150000 not give 
Just1250000 fcking board)
Now Alexis out 
Just fcking board fcking Arsene
Fcking all dog's brain
if here i will kill u all
Fck u Arsene fck board too
Don't stay in PL go to champianship.
Look ur squad.
Debuchy+Per+Santi was dead
fcking Iwobi,holding,Chamsber,Niles
need to improve.
not buy new aquad no problem
just let Arsene heart attack and 
Go to under ground(RIP Arsene')
Fcking board also RIP.",-0.022988505747126436,0.178,0.765,0.057,-0.9118,-0.178
"Idiot, still taking a dig at ownership of chelsea and city, praising united's riches. Wtf is he doing with our new found riches. Wenger, true disgrace, bowing before united's money, f*****g f*****g disgrace. He still cant come out with the figures v offered alexis, it wont be more than 200k, true outdated f*****g disgrace of a f*****g manager with a f*****g owner kroenke, disgraceful f****r ceo gazidis. F*****g b****rds, hav ruined arsenal",-0.02702702702702703,0.214,0.615,0.172,-0.5994,-0.214
"this idiot shameless manager can f*** off now,not going to win us anything,mark my f***** words.",-0.0625,0.253,0.578,0.169,-0.2263,-0.253
Who ever gave internet to Africans should go straight to hell for the misery they cause,-0.0625,0.358,0.56,0.082,-0.8126,-0.358
"Welcome to swe / ??stersund 
Lots of snow and cold as hell ????

https://www.facebook.com/fotbollskanalen/videos/10155066910066976/",-0.08333333333333333,0.284,0.562,0.153,-0.5514,-0.284
Wtf is this?? ????,-0.3333333333333333,0.613,0.387,0.0,-0.6966,-0.8574929257125441
Crap,-1.0,1.0,0.0,0.0,-0.3818,-1
F U C K Y O U WENGER OUT NAW,-0.1,0.0,1.0,0.0,0.0,-0.25811286645983367
FUK U WENGER,-0.3333333333333333,0.0,1.0,0.0,0.0,-0.8574929257125441
Wenger fuk off,-0.3333333333333333,0.0,1.0,0.0,0.0,-0.8574929257125441
Fuk off wenger,-0.3333333333333333,0.0,1.0,0.0,0.0,-0.8574929257125441
Fcuk off,-0.5,0.0,1.0,0.0,0.0,-1
Fuk off wenger,-0.3333333333333333,0.0,1.0,0.0,0.0,-0.8574929257125441
Sack Wenger bunch of unserious players on d pitch  lacasett  is like a waste of money stupid board and idiot wenger,-0.047619047619047616,0.352,0.556,0.093,-0.7906,-0.352
Fuk off wenger,-0.3333333333333333,0.0,1.0,0.0,0.0,-0.8574929257125441
"Fuk me,bellend has scored,,",-0.25,0.0,1.0,0.0,0.0,-0.6441566264008308
Wenger out idiot,-0.3333333333333333,0.623,0.377,0.0,-0.5106,-0.8574929257125441
fuk,-1.0,0.0,1.0,0.0,0.0,-1
Fuk off wenger,-0.3333333333333333,0.0,1.0,0.0,0.0,-0.8574929257125441
Welbeck out ????fucking hell how does u choose from this,-0.2,0.41,0.59,0.0,-0.7622,-0.5157106231293968
I'm sick of Wenger the man is an idiot,-0.1,0.485,0.515,0.0,-0.765,-0.485
Fuk off wenger fu off kronke,-0.3333333333333333,0.485,0.515,0.0,-0.6908,-0.8574929257125441
It is time to remove this idiot from managing our team .. hope arsenal to keep loosing so he will leave .. stupid manager ..,-0.045454545454545456,0.268,0.643,0.089,-0.704,-0.268
Fuk off wenger,-0.3333333333333333,0.0,1.0,0.0,0.0,-0.8574929257125441
Fuk Arsenal fan,-0.3333333333333333,0.0,0.465,0.535,0.3182,-0.8574929257125441
Fuk off wenger,-0.3333333333333333,0.0,1.0,0.0,0.0,-0.8574929257125441
Fcuk every ting dumm,-0.25,0.0,1.0,0.0,0.0,-0.6441566264008308
Ramsey is a crap!!!,-0.25,0.635,0.365,0.0,-0.5386,-0.6441566264008308
Fuk kan no wan was baught by arsene as of now,-0.09090909090909091,0.18,0.82,0.0,-0.296,-0.23466162723196607
"Still to many average players.
Bellerin
Chambers
Xhaka (extra crap every game)
Welbeck
Elnhany
Sanchez has been crap for 6 months!!!!

Iwobi is a tryer! Wilshere and Maitland-Niles and Lacazette only players deserve the jersey!",-0.05714285714285714,0.17,0.83,0.0,-0.7482,-0.17
Got lucky. Selection was still crap by Wenger.,-0.125,0.228,0.526,0.246,0.0516,-0.3225806451612903
Wtf welbeck ???,-0.5,0.685,0.315,0.0,-0.6531,-1
Xhaka cant kick.  Wtf,-0.25,0.0,0.494,0.506,0.4717,-0.6441566264008308
Crap as always start slow !!!,-0.2,0.41,0.59,0.0,-0.5386,-0.5157106231293968
"FU Kroenke, GTFO of our club lol",-0.14285714285714285,0.376,0.4,0.224,-0.4404,-0.376
"Wtf is wrong with this team, Nothing, absolutely Nothing!!!!!!!!!!!!!!!",-0.1111111111111111,0.535,0.465,0.0,-0.8429,-0.535
fcuk u wenger,-0.3333333333333333,0.0,1.0,0.0,0.0,-0.8574929257125441
Wot a tossa stupid idiot,-0.2,0.77,0.23,0.0,-0.7717,-0.77
"Answers to every F*CKIN' question is ""I really don't know, I don't talk about that"" What is the f*ckin point of this press conference ?!

""Wenger is u leavin in ze summa ?""  ""There is nothin tu sei, i play with the players the chances ar ze best"" ..f*ck off already !",-0.0196078431372549,0.0,0.828,0.172,0.8535,-0.05062658447868111
Venger you are an idiot,-0.2,0.452,0.548,0.0,-0.5106,-0.5157106231293968
Arsenal idiot,-0.5,0.767,0.233,0.0,-0.5106,-1
FUK WENGER,-0.5,0.0,1.0,0.0,0.0,-1
"What"" s the fuck????????????",-0.25,0.0,1.0,0.0,0.0,-0.6441566264008308
Wenger idiot,-0.5,0.767,0.233,0.0,-0.5106,-1
Fuk,-1.0,0.0,1.0,0.0,0.0,-1
WTF,-1.0,1.0,0.0,0.0,-0.5859,-1
wtf,-1.0,1.0,0.0,0.0,-0.5859,-1
wtf,-1.0,1.0,0.0,0.0,-0.5859,-1
Wtf is wenger doing with this side out,-0.125,0.352,0.648,0.0,-0.5859,-0.352
"lol, what a crock of shit????",-0.16666666666666666,0.0,0.515,0.485,0.5803,-0.42993358039234775
Crap players .you will win nothing.,-0.16666666666666666,0.25,0.385,0.365,0.296,-0.42993358039234775
Hell yeah!!! Theo is back bitchez...come on Arsenal,-0.125,0.4,0.439,0.161,-0.6458,-0.4
Why you resting players you idiot.   Are we going to win the league       tossa,-0.07142857142857142,0.173,0.628,0.199,0.128,-0.18439642112147223
"Mike dean,A bloody idiot.",-0.25,0.756,0.244,0.0,-0.7351,-0.756
FUC MIKE DEAN,-0.3333333333333333,0.0,1.0,0.0,0.0,-0.8574929257125441
Mike Dean is an incompetent idiot.....,-0.16666666666666666,0.383,0.617,0.0,-0.4767,-0.42993358039234775
idiot,-1.0,1.0,0.0,0.0,-0.5106,-1
IS WHO ??  ????????FUCK OFF ARSENAL  LIVERPOOL SIGN VAN DAJK,-0.1111111111111111,0.0,1.0,0.0,0.0,-0.28676966733820225
Wenger idiot,-0.5,0.767,0.233,0.0,-0.5106,-1
Idiot arsenal fans!!! Just sacked wenger!!!,-0.16666666666666666,0.472,0.528,0.0,-0.6671,-0.472
Arsenal fans are deluded every season!!! Sacked wenger now to safe the club name and reputation!!! Idiot arsenal fans who think stupid!!!,-0.045454545454545456,0.264,0.638,0.097,-0.7156,-0.264
God punish the Ref idiot fool ????,-0.16666666666666666,0.674,0.192,0.134,-0.8577,-0.674
cum on ref he was the 1 who had his statsup,-0.09090909090909091,0.0,1.0,0.0,0.0,-0.23466162723196607
Beat the crap out of chelsea,-0.16666666666666666,0.342,0.658,0.0,-0.3818,-0.42993358039234775
3-1 Arsenal carrigtwohill Cork Ireland cum on ye gunners,-0.1111111111111111,0.0,1.0,0.0,0.0,-0.28676966733820225
WTF???,-1.0,1.0,0.0,0.0,-0.6531,-1
wtf 2 - 1 arsenel,-0.25,0.792,0.208,0.0,-0.5859,-0.792
Good nazi,-0.5,0.0,0.256,0.744,0.4404,-1
Good luck gays,-0.3333333333333333,0.0,0.145,0.855,0.7096,-0.8574929257125441
Nendeni wote f*ck u,-0.25,0.0,1.0,0.0,0.0,-0.6441566264008308
mofo,-1.0,1.0,0.0,0.0,-0.5267,-1
Chambers is idiot and nothing more,-0.16666666666666666,0.398,0.602,0.0,-0.5106,-0.42993358039234775
Fuk,-1.0,0.0,1.0,0.0,0.0,-1
Arsene wenger is really something else! I wonder WTF coquellin came to do,-0.07692307692307693,0.271,0.729,0.0,-0.6239,-0.271
dont screw up!!my money is on your...Dont even think about it!!WIN its a must!! ????,-0.07142857142857142,0.0,0.792,0.208,0.5305,-0.18439642112147223
IDIOT DETECTED !,-0.5,0.782,0.218,0.0,-0.5562,-1
Football a load of crap.,-0.2,0.464,0.536,0.0,-0.3818,-0.5157106231293968
Maena antik saya suka,-0.25,0.0,1.0,0.0,0.0,-0.6441566264008308
"The boy should be the first to have is name on the team sheet. IT SHOULD BE IN BOLD LETTERS, everyone else should be selected to compliment Jack. PS, nice to see he has knocked the fags and boozing on the head, that said he would have been awesome under George Graham.",-0.019230769230769232,0.0,0.792,0.208,0.9118,-0.049653020554008914
What a load of crap!,-0.2,0.491,0.509,0.0,-0.4389,-0.5157106231293968
Sanchez playing like he is being forced...the idiot is sabotaging his team. #PoorArsenal,-0.07692307692307693,0.187,0.568,0.244,0.0,-0.1985753676973844
Puto,-1.0,0.0,1.0,0.0,0.0,-1
"Arena wenger wanted to build a team around the ox
But he leaves
Screw you ox",-0.0625,0.103,0.897,0.0,-0.1531,-0.16135329791560707
Wtf niles at left back,-0.2,0.487,0.513,0.0,-0.5859,-0.5157106231293968
Wtf again maitland niles in first team not kolasinac,-0.1111111111111111,0.322,0.678,0.0,-0.5859,-0.322
Screw you ox,-0.3333333333333333,0.412,0.588,0.0,-0.1027,-0.8574929257125441
Oh sexy guy I love Arsenal,-0.16666666666666666,0.0,0.283,0.717,0.8225,-0.42993358039234775
Fuk the pool up the arsenal,-0.16666666666666666,0.0,1.0,0.0,0.0,-0.42993358039234775
Wenger is crap,-0.3333333333333333,0.565,0.435,0.0,-0.3818,-0.8574929257125441
Fuk iwobi...,-0.5,0.0,1.0,0.0,0.0,-1
"Got the result , but did not deserve it , they played CRAP Football",-0.08333333333333333,0.206,0.606,0.188,-0.0772,-0.21511595185875906
Keep it up boys we need a win xxx,-0.1111111111111111,0.0,0.648,0.352,0.5859,-0.28676966733820225
Matt you've never been to a game idiot,-0.1111111111111111,0.355,0.645,0.0,-0.5106,-0.355
WTF Walcott! You are the captain today...how can you not side foot that chance! ????,-0.07142857142857142,0.263,0.639,0.098,-0.6535,-0.263
Jovan Yi Hui Ong Melvin Chua,-0.16666666666666666,0.0,1.0,0.0,0.0,-0.42993358039234775
Sexy alex scott,-0.3333333333333333,0.0,0.37,0.63,0.5267,-0.8574929257125441
Hahahahahahahahahahaha DUCK STRIKER LIVE NOW... WTF,-0.16666666666666666,0.432,0.568,0.0,-0.5859,-0.432
Lost my patients with arsenal ages ago. Load of crap,-0.1,0.38,0.62,0.0,-0.5994,-0.38
wtf is up with kolasinac not playing?,-0.14285714285714285,0.519,0.481,0.0,-0.6588,-0.519
kolasinac on the bench? wtf?,-0.2,0.51,0.49,0.0,-0.6322,-0.5157106231293968
Wenger go to hell,-0.25,0.605,0.395,0.0,-0.6808,-0.6441566264008308
"Idiot, stupid, hopeless, inept, uselss and above all a stubborn animal",-0.09090909090909091,0.674,0.326,0.0,-0.9081,-0.674
Fck winger,-0.5,0.0,1.0,0.0,0.0,-1
Jovan Yi Hui Ong,-0.25,0.0,1.0,0.0,0.0,-0.6441566264008308
F*CK,-1.0,0.0,1.0,0.0,0.0,-1
Wtf performance,-0.5,0.792,0.208,0.0,-0.5859,-1
Well done Arsenal & Mr Wenger xxx,-0.16666666666666666,0.0,0.704,0.296,0.2732,-0.42993358039234775
Sexy goals ????,-0.5,0.0,0.314,0.686,0.6553,-1
"6 shots 6 goals, 32 shots 1 goal WTF",-0.1111111111111111,0.432,0.568,0.0,-0.5859,-0.432
"Saya suka pisan ka kang wilser bos, beja kn ny.",-0.1,0.0,1.0,0.0,0.0,-0.25811286645983367
Wtf ????,-1.0,0.826,0.174,0.0,-0.6966,-1
Good luck gays,-0.3333333333333333,0.0,0.145,0.855,0.7096,-0.8574929257125441
Cum on the gunns,-0.25,0.0,1.0,0.0,0.0,-0.6441566264008308
Wtf is with the miss keeping ? Failed passes,-0.125,0.635,0.365,0.0,-0.8271,-0.635
WTF men,-0.5,0.792,0.208,0.0,-0.5859,-1
WTF kind of a pass was that!!!,-0.14285714285714285,0.483,0.517,0.0,-0.6884,-0.483
WTF GUNNERS BETTER IMOROVE,-0.25,0.437,0.23,0.333,-0.2263,-0.6441566264008308
wtf... already 1-0 down...,-0.25,0.0,1.0,0.0,0.0,-0.6441566264008308
you needs gays from xnxx for free ????????,-0.14285714285714285,0.0,0.622,0.378,0.644,-0.36860489038724276
get shaka or ramsey of and give jack a chance them two are playing crap,-0.06666666666666667,0.149,0.632,0.218,0.0516,-0.17210709770537855
Watching from Wales cum on boys,-0.16666666666666666,0.0,1.0,0.0,0.0,-0.42993358039234775
Wtf,-1.0,1.0,0.0,0.0,-0.5859,-1
Cum on the gunners ????,-0.25,0.0,1.0,0.0,0.0,-0.6441566264008308
Go to hell gays,-0.5,0.605,0.395,0.0,-0.6808,-1
Wish you gays all d best,-0.16666666666666666,0.0,0.303,0.697,0.7845,-0.42993358039234775
Wenger is big idiot,-0.25,0.524,0.476,0.0,-0.5106,-0.6441566264008308
Rebecca Pecker Walker,-0.3333333333333333,0.0,1.0,0.0,0.0,-0.8574929257125441
Felix Dominguez wtf??,-0.3333333333333333,0.675,0.325,0.0,-0.6322,-0.8574929257125441
WTF,-1.0,1.0,0.0,0.0,-0.5859,-1
WTF,-1.0,1.0,0.0,0.0,-0.5859,-1
Idiot of the month is non other than arsene wenger.,-0.1,0.268,0.732,0.0,-0.5106,-0.268
No Lacazette WTF Wenger is a nutter!,-0.14285714285714285,0.611,0.389,0.0,-0.7424,-0.611
if iwobi is poop then dont play again,-0.125,0.225,0.775,0.0,-0.2584,-0.3225806451612903
I have total belief in my Arsenal boys .Arsenal forever xxx,-0.09090909090909091,0.0,1.0,0.0,0.0,-0.23466162723196607
Already losing 1-0 Wtf arsenal,-0.2,0.681,0.319,0.0,-0.7506,-0.681
Add me if your sexy arsenal female supporter,-0.125,0.0,0.522,0.478,0.6705,-0.3225806451612903
Alex sex very good play football,-0.16666666666666666,0.0,0.405,0.595,0.707,-0.42993358039234775
Arsenal need a gk...cech and ospina don t give security on goal. And the let  szczesny go for 10 m quid wtf !,-0.045454545454545456,0.174,0.724,0.102,-0.4003,-0.174
"Good stuff lads, WTF was that Monreal?",-0.14285714285714285,0.325,0.427,0.248,-0.2263,-0.36860489038724276
WTF Wayne scored,-0.3333333333333333,0.655,0.345,0.0,-0.5859,-0.8574929257125441
Who is the idiot commetating with Peter. Its so obvious he is zn Everton Fan,-0.06666666666666667,0.177,0.699,0.124,-0.25,-0.177
Crap,-1.0,1.0,0.0,0.0,-0.3818,-1
Tocho Uba Chinedu Oguchienti Jerry Emeka Obum Eze Dickson Dike Esotu St Patrick,-0.07692307692307693,0.0,1.0,0.0,0.0,-0.1985753676973844
Wtf u guys so happy,-0.2,0.388,0.204,0.408,0.0498,-0.5157106231293968
"Giroud crap yes got a goal , Wilshire got be in first team !",-0.08333333333333333,0.178,0.617,0.205,0.1007,-0.21511595185875906
"Red card,ofsaid, wtf?",-0.3333333333333333,0.655,0.345,0.0,-0.5859,-0.8574929257125441
useless crap.,-0.5,1.0,0.0,0.0,-0.6597,-1
Not gonna bother anymore just the same as last year crap,-0.08333333333333333,0.191,0.66,0.149,-0.1441,-0.21511595185875906
WTF,-1.0,1.0,0.0,0.0,-0.5859,-1
Wtf,-1.0,1.0,0.0,0.0,-0.5859,-1
What a crap performance yet again,-0.16666666666666666,0.394,0.606,0.0,-0.3818,-0.42993358039234775
Good result Arsenal well done. xxx,-0.16666666666666666,0.0,0.444,0.556,0.6124,-0.42993358039234775
I love arsenal xxx,-0.25,0.0,0.323,0.677,0.6369,-0.6441566264008308
jazda kurwa polska jazda,-0.25,0.0,1.0,0.0,0.0,-0.6441566264008308
jazda kurwa jazda,-0.3333333333333333,0.0,1.0,0.0,0.0,-0.8574929257125441
Dan Gallop thought Bellerin had finally gone for the full sex change for a minute.,-0.06666666666666667,0.0,1.0,0.0,0.0,-0.17210709770537855
WTF,-1.0,1.0,0.0,0.0,-0.5859,-1
WTF 3-3,-0.5,0.792,0.208,0.0,-0.5859,-1
MasturBATE Borisov,-0.5,0.0,1.0,0.0,0.0,-1
Arsenal to win come on boys xxx,-0.14285714285714285,0.0,0.612,0.388,0.5859,-0.36860489038724276
"top 6 and rising Brian Lucasont, idiot!!!",-0.14285714285714285,0.419,0.401,0.18,-0.5229,-0.419
Chuj wam w dupere,-0.25,0.0,1.0,0.0,0.0,-0.6441566264008308
What a load of crap that was,-0.14285714285714285,0.342,0.658,0.0,-0.3818,-0.36860489038724276
27 shots! 1 goal! WTF,-0.2,0.594,0.406,0.0,-0.658,-0.594
Give up on the wenger out crap  people sick of it support them win or loose,-0.0625,0.319,0.428,0.253,-0.1779,-0.319
Idiot manager! idiot board! Lazy fun!,-0.3333333333333333,0.653,0.131,0.216,-0.7701,-0.8574929257125441
hopeless. crap players,-0.3333333333333333,0.848,0.152,0.0,-0.6808,-0.8574929257125441
Wtf arsenal ????????????????,-0.5,0.704,0.296,0.0,-0.6966,-1
"wtf, wenger out",-0.3333333333333333,0.655,0.345,0.0,-0.5859,-0.8574929257125441
Wtf,-1.0,1.0,0.0,0.0,-0.5859,-1
we will fuk u arsenal,-0.2,0.0,1.0,0.0,0.0,-0.5157106231293968
"idiot never can be winner, out winger, 2 game also same thing",-0.08333333333333333,0.415,0.585,0.0,-0.7485,-0.415
"Wtf 
Wtf 
Wtf 
Stock 1 ars nil",-0.42857142857142855,0.792,0.208,0.0,-0.9081,-1
Crap again here we go again,-0.16666666666666666,0.342,0.658,0.0,-0.3818,-0.42993358039234775
You need analysis for this crap. Waste of time.,-0.1111111111111111,0.453,0.547,0.0,-0.7003,-0.453
CRAP,-1.0,1.0,0.0,0.0,-0.3818,-1
well done gays,-0.3333333333333333,0.0,0.488,0.512,0.2732,-0.8574929257125441
wtf,-1.0,1.0,0.0,0.0,-0.5859,-1
"Lucky. ..
Sign a defender. ...
Last 2yrs our defense has been crap",-0.09090909090909091,0.16,0.491,0.35,0.2732,-0.23466162723196607
OZIL playing on the right why he plays center wtf,-0.1,0.26,0.479,0.26,-0.25,-0.26
wtf,-1.0,1.0,0.0,0.0,-0.5859,-1
Cum on lads,-0.3333333333333333,0.0,1.0,0.0,0.0,-0.8574929257125441
Nothing like a girl looking sexy in an arsenal top,-0.1,0.159,0.451,0.391,0.4749,-0.25811286645983367
Sex,-1.0,0.0,1.0,0.0,0.0,-1
Come on you gunners xxx,-0.2,0.0,1.0,0.0,0.0,-0.5157106231293968
wtf is wrong with walcott :(,-0.2,0.766,0.234,0.0,-0.8689,-0.766
"go arsenal...
but go to hell wenger n welbeck...",-0.1111111111111111,0.478,0.522,0.0,-0.8126,-0.478
GO TO HELL SHITTT WELBECK N WENGER...!!!!!!!,-0.14285714285714285,0.536,0.464,0.0,-0.7762,-0.536
wtf..  no sanchez no ozil...  ????,-0.2,0.573,0.427,0.0,-0.6553,-0.573
Fuk u wengr,-0.3333333333333333,0.0,1.0,0.0,0.0,-0.8574929257125441
gw suka mesut ozil,-0.25,0.0,1.0,0.0,0.0,-0.6441566264008308
Sound is crap,-0.3333333333333333,0.565,0.435,0.0,-0.3818,-0.8574929257125441
We need a central defender like van dike,-0.125,0.0,0.562,0.438,0.4404,-0.3225806451612903
Same old crap,-0.3333333333333333,0.565,0.435,0.0,-0.3818,-0.8574929257125441
wtf,-1.0,1.0,0.0,0.0,-0.5859,-1
Show the game idiot,-0.25,0.524,0.476,0.0,-0.5106,-0.6441566264008308
fuk off wenger!,-0.3333333333333333,0.0,1.0,0.0,0.0,-0.8574929257125441
Iwobi is :poop: he made Elneny look good. Nelson was a delight to watch. Kolasinac is a top signing.,-0.05263157894736842,0.0,0.619,0.381,0.8225,-0.13588160629966098
Wtf defence,-0.5,0.731,0.0,0.269,-0.5267,-1
@mark Parsons at least spell it right. Idiot,-0.125,0.32,0.68,0.0,-0.5106,-0.3225806451612903
Fuk you adams,-0.3333333333333333,0.0,1.0,0.0,0.0,-0.8574929257125441
WTF THIS IS RADIO,-0.25,0.559,0.441,0.0,-0.5859,-0.6441566264008308
Pongan el puto partido,-0.25,0.0,1.0,0.0,0.0,-0.6441566264008308
SHOW THE MATCH WTF,-0.25,0.559,0.441,0.0,-0.5859,-0.6441566264008308
Wtf,-1.0,1.0,0.0,0.0,-0.5859,-1
Wtf,-1.0,1.0,0.0,0.0,-0.5859,-1
Scottish Gooner XXX,-0.3333333333333333,0.0,1.0,0.0,0.0,-0.8574929257125441
wtf ???,-1.0,0.813,0.187,0.0,-0.6531,-1
Wtf?!,-1.0,0.0,1.0,0.0,0.0,-1
Go arsenal xxx,-0.3333333333333333,0.0,1.0,0.0,0.0,-0.8574929257125441
"Mica vi siete messi in testa di sfondarci l'impalcatura dello scroto ?? A voi non serve Mahrez,levateve dar cazzo",-0.05555555555555555,0.0,1.0,0.0,0.0,-0.14342907231889207
Sanchez king kurwa,-0.3333333333333333,0.0,1.0,0.0,0.0,-0.8574929257125441
Jeong Han Lee Ken Jeong Jo Chae so sexy,-0.1111111111111111,0.0,0.647,0.353,0.656,-0.28676966733820225
-1:36 knob!,-0.5,0.0,1.0,0.0,0.0,-1
Xxx,-1.0,0.0,1.0,0.0,0.0,-1
Heitor desafio entre o puto Brit??nico e o mangope Reiss Nelson.,-0.09090909090909091,0.0,1.0,0.0,0.0,-0.23466162723196607
