Message,Abusive_Score,NLTK_Neg,NLTK_Neu,NLTK_Pos,NLTK_Compound,Overall_score
"?? un gioco di merda fatto glicth, cose inesistenti e tutte all'avversario, ogni volta al fut champions inzio sempre con lo storico 1-5 per riuscire a giocare decentemente perch?? perdo le partite per colpa di questo gioco di merda che i rimpalli tutti agli avversari, i portieri avversari sembrano la madonna e in pi?? con sto cazzo di gol da centrocampo avete rotto il cazzo! Sto pensando seriamente di passare a PES",-0.028169014084507043,0.0,0.933,0.067,0.686,-0.07273015794779188
Ea could you please stop with your crap. You are ruining your games with your pay walls.  and please give battlefront rights to someone who will actually focus on gameplay not pay to win scenarios and horrible loot boxes. You are tarnishing the battlefront series.,-0.022222222222222223,0.348,0.575,0.078,-0.9181,-0.348
"EA Sports F*CK YOU... YOU and your Pay to Play... I Hope Everyone stop buying Points or play FUT.

Deutsch: h??r auf und boykottiert FUT das ist die gr????te abzocke...",-0.03333333333333333,0.224,0.636,0.14,-0.4871,-0.224
vergognatevi merda non fate trovare un cazzo nei pacchetti che gente paga anche fate schifo gioco buggato vergogna fallirete prima o poi,-0.045454545454545456,0.0,1.0,0.0,0.0,-0.11735504967785533
FIFA 15 Ultimate Team Futebol Android Error WTF???????? Please,-0.1111111111111111,0.282,0.54,0.177,-0.3313,-0.28676966733820225
Arreglen sus servidores la verdad xq estan de puto asco y asi no se puede jugar bien lastimosamente si siguen asi me pasar?? a su competencia ????????????,-0.038461538461538464,0.116,0.884,0.0,-0.4871,-0.116
"Cool ???? Please bring a Full ""TENNIS GAME"" like Fifa ???? #EAGAMES #EAsports #FullTennisGame #like #Fifa #license #WTA #Monaco #WTF #ATP #Xboxone #Playstation4 #PC #PAMDevelopment #MicrosoftGameStudios  #RaphaelNadal #DominicThiem #AlexanderZverev",-0.037037037037037035,0.0,0.756,0.244,0.7941,-0.09562484610388713
Sa ma cac in fifa al vostru.Cel mai de cacat joc.O galeata de muie pentru voi.,-0.0625,0.0,1.0,0.0,0.0,-0.16135329791560707
Piece of crap brand,-0.25,0.464,0.536,0.0,-0.3818,-0.6441566264008308
Merde del cazzo,-0.3333333333333333,0.0,1.0,0.0,0.0,-0.8574929257125441
"Opponet 3 shots on target, 4 goals.. Wtf ????????????????",-0.125,0.442,0.558,0.0,-0.6966,-0.442
Fuk this game,-0.3333333333333333,0.0,1.0,0.0,0.0,-0.8574929257125441
Thieves fuc... you EA garbage send me   my money! 26 9/2017 not available yet Edition Ronaldo! Thieves! i will call police right now!,-0.043478260869565216,0.28,0.72,0.0,-0.8302,-0.28
Thieves Where is The game! I paid! on play store! right now 99$ edition Ronaldo I can't play! give me my money back Thieves!???????????????? fu. .k you EA,-0.034482758620689655,0.274,0.596,0.13,-0.8089,-0.274
Lo que ten??is que hacer es quitar el puto handicap del FIFA cabrones,-0.07692307692307693,0.0,1.0,0.0,0.0,-0.1985753676973844
Fuc. .youuuuuuuuuuuuu,-0.5,0.0,1.0,0.0,0.0,-1
EA SEVER IS DOWN. WTF?,-0.2,0.487,0.513,0.0,-0.5859,-0.5157106231293968
ok lets talk about the fcuking my nba live mobile and other gamers are ban FUCKIING EA BAN ME IM NOT DOING SHITS,-0.043478260869565216,0.233,0.614,0.154,-0.534,-0.233
Hijo de puta los odio a ea sports,-0.125,0.0,1.0,0.0,0.0,-0.3225806451612903
Wtf he cant dribble. He scores hatricks is this enough i think and he will win next.balon dor too.so plz those who are commenting that he cant dribble .wait for tapin etc etc   i have a question for those people that messi can dribble then why he will not win next balon dor .and fifa is not the ronaldo's property ????????.they will select him for the cover of the game page bexause they know who is the best ????????????,-0.012658227848101266,0.043,0.799,0.158,0.8823,-0.043
Laurin Dick,-0.5,0.767,0.233,0.0,-0.5106,-1
All EA cares about now is milking games like the dynasty teams or whatever the hell they are. they bought the rights to the NFL so they wouldn't have to compete with anyone and they can just keep putting out the same game over and over and over with graphic updates.,-0.019230769230769232,0.079,0.826,0.095,-0.0258,-0.079
Where the hell is the Live 18 cover....SMH,-0.125,0.397,0.603,0.0,-0.6808,-0.397
Screw this. Bring back NCAA Football!,-0.16666666666666666,0.253,0.747,0.0,-0.1759,-0.42993358039234775
Dana White still hasn't got a cock for a head yet.. what's going on?,-0.0625,0.0,0.884,0.116,0.1139,-0.16135329791560707
wheres the crap  lol.. if its in the game its in the game LMAO,-0.07142857142857142,0.141,0.649,0.211,0.3182,-0.18439642112147223
To hell with theses ufc games i want anothwr Fight Night Champion!!!,-0.08333333333333333,0.398,0.345,0.256,-0.5962,-0.398
Your upload speed is obviously crap because it keeps freezing on YouTube Every 5 Seconds during gameplay for every game,-0.05,0.19,0.81,0.0,-0.4588,-0.19
"Choke on piss, EA.",-0.25,0.756,0.244,0.0,-0.7351,-0.756
Ea Sport te podes ir bien a la reconcha bien puta de tu madre,-0.07142857142857142,0.0,1.0,0.0,0.0,-0.18439642112147223
"SERIOUS EA, I CAN NOT LOG IN ANYMORE AND WHEN I LOOK FOR HELP ON YOUR SITE, I NEED TO LOG IN... ARE YOU KIDDING ME! I HAVE THE RIGHT PASSWORD BUT YOUR VERIFICATION METHOD IS SCREWING THINGS UP! PLEASE HELP",-0.024390243902439025,0.078,0.695,0.227,0.7673,-0.078
What about golf did you forget about it. Wtf,-0.1111111111111111,0.449,0.551,0.0,-0.6908,-0.449
Crap game no more madden for me i spend 100k on packs thinking i am going to get Fletch cox 96 overall,-0.045454545454545456,0.211,0.789,0.0,-0.5859,-0.211
Thought I'd buy Madden 17 same f****** s*** connection always gets disconnected doesn't do it on any other games EA Sports can suck a giant dick,-0.03571428571428571,0.212,0.788,0.0,-0.7351,-0.212
I will never ever buy any EA product. I will do everything in my capacity to tell people NOT tp buy any of your games. Madden 17 always lose connection to peer server and I have lost ganes even though I was winning. I have been very patient and waited for EA to improve online gaming experience but it has gotyen worse. NO MORE EA. Screw you.,-0.014925373134328358,0.174,0.768,0.058,-0.8083,-0.174
What a crap gane,-0.25,0.565,0.435,0.0,-0.3818,-0.6441566264008308
"Why the hell I  need ""Persistent internet connection""?! Can't play offline?!",-0.08333333333333333,0.487,0.513,0.0,-0.8215,-0.487
I hate EA with passion. Madden 17 is a very bad product. I should have won several games only to lose peer connection with me losing. Yoir technicians are all STUPID. I will do everything in my power to stop people from buying EA games. OMG I hate you guys at EA server. Screw you,-0.01818181818181818,0.335,0.57,0.095,-0.9412,-0.335
andrew Wilson  can chock on his wife's boyfriends  huge cock,-0.09090909090909091,0.134,0.672,0.193,0.1779,-0.23466162723196607
"because it has so many things repeated in live events? as in Player Award winning, and among others? the game is crap because of this, we spend our stamina Events Lives, came to things repeated each time, I am weeks trying to win the sixth man and is only repeated trophies! you are a disgrace, great job, thank you.",-0.01694915254237288,0.077,0.654,0.269,0.9366,-0.077
Fifa 17 is not good WTF ok please you can do more than that fifa 17  fifa 18 have to be really good,-0.043478260869565216,0.223,0.599,0.179,-0.0844,-0.223
And where is albania ??! Why always india bolivia and peru WTF,-0.09090909090909091,0.288,0.712,0.0,-0.6654,-0.288
Slovakia? Wtf?,-0.5,0.806,0.194,0.0,-0.6322,-1
Wtf !! Where's Algeria????,-0.25,0.64,0.36,0.0,-0.7464,-0.6441566264008308
So no Iceland? WTF?,-0.25,0.776,0.224,0.0,-0.7856,-0.776
Games poop,-0.5,0.0,1.0,0.0,0.0,-1
Ducking gay go away,-0.25,0.0,1.0,0.0,0.0,-0.6441566264008308
a prts sucks i hope they love reading are commets i stopped playing there game for good they i can play with an eeg and still hae fu,-0.03571428571428571,0.232,0.407,0.361,0.6249,-0.232
Si c'est comme le 16 allez bien vous faire enculer ea !! Des pertes de connexions de votre faute alors que mon r??seau est correct il est ?? 3giga donc c'est de votre faute bande de pd,-0.02857142857142857,0.0,1.0,0.0,0.0,-0.07376910406108203
Now the hell is chicharito not in top 20 G??tze should be an 82,-0.07142857142857142,0.353,0.647,0.0,-0.7616,-0.353
"NHL is the worst title of them all , handicapped games i swear to god , how the hell does somebody 1 poke , stick lift perfectly even on the opposite side of me, push me slightly , and they always get the puck but when i play def its like mentally challenged and my team is space cadets no matter what setting they are on , goalies let in weak garbage far too consistently like all your hut garbage is purely a cash grab and you dont even reward players good cards when they even spend the money , EA has to be the biggest rip off in modern day sports , whats even more sad is the game use to be fantastic :( ruined NHL EA",-0.008333333333333333,0.203,0.643,0.154,-0.8242,-0.203
"Hey ea I pre ordered a super deluxe edition and I can't even open my hut wtf is going on, I haven't been able to open it since first day of early access last Thursday",-0.02702702702702703,0.104,0.79,0.106,0.0258,-0.104
"Wtf
Fix your servers man",-0.2,0.487,0.513,0.0,-0.5859,-0.5157106231293968
Are most players being overrated compared to their skill stats??!  Wtf,-0.09090909090909091,0.308,0.692,0.0,-0.6654,-0.308
How the hell do I get in combat act with an advisor this is rediculas,-0.06666666666666667,0.368,0.632,0.0,-0.7906,-0.368
Stop making crappy glitch filled games! It would be nice if just 1 year EA put out a game that wasn't full of a million glitches it ruins the game right from the get go. If you can't put out a game that isn't glitch filled on a yearly basis then just stop or at least quit charging 60$ for crap.,-0.015625,0.207,0.751,0.042,-0.8748,-0.207
Keep stealing my congrats cock suckers,-0.16666666666666666,0.614,0.143,0.243,-0.6369,-0.614
Where the Hell is the GM Connected online mode...? You cant play with your friends anymore unless you go against other player controlled teams? Thats dumb.,-0.038461538461538464,0.291,0.622,0.088,-0.8018,-0.291
Crap and not buying it.,-0.2,0.394,0.606,0.0,-0.3818,-0.5157106231293968
who are all these c*nts? #makeeaskateagain,-0.16666666666666666,0.0,1.0,0.0,0.0,-0.42993358039234775
This has probably the worse loading times in between screens I've ever seen. Wtf?,-0.06666666666666667,0.365,0.635,0.0,-0.7845,-0.365
Drop dead cunts,-0.3333333333333333,1.0,0.0,0.0,-0.8834,-1.0
"Oh EA FIFA oh EA FIFA what are you doing....played the beta once and I already know y'all are gonna unleash some hell in multiplayer hah. Game still needs some improvements. Characters are koo, gameplay feels even slower then 16, the new crossing is legit, but the shooting oh man the shooting and the aiming are a bit off hah",-0.01639344262295082,0.046,0.926,0.027,-0.2846,-0.046
Easports  sell the nfl license  madden sux,-0.14285714285714285,0.294,0.706,0.0,-0.3612,-0.36860489038724276
"What happened to the game update? Since the upsdate, i cannot open the game!! Wtf?!",-0.0625,0.0,1.0,0.0,0.0,-0.16135329791560707
A gay ball?,-0.3333333333333333,0.0,1.0,0.0,0.0,-0.8574929257125441
"Shits to confusing these days, bring back street like he said but make it simple yeah know. Sell it for 35 bucks online",-0.043478260869565216,0.129,0.702,0.168,0.2617,-0.129
You'd think there would be a drake and fetty wop track on there for sure but nope. 75% is songs no one's heard of.,-0.038461538461538464,0.11,0.825,0.065,-0.2846,-0.11
You expect us to buy Madden 17 when you still can't fix 16. HELL NO,-0.0625,0.117,0.689,0.194,0.3536,-0.16135329791560707
EA IS A BUNCH OF RETARD FAGS,-0.2857142857142857,0.405,0.595,0.0,-0.5267,-0.7357118927777097
Khalil Mack only gets a 94? Wtf? He's a two position starter on the all pro team which basically means he counts as two guys on the starting team! Which means with him on the field u only need 10 guys! Shoulda brought back the 100 rating for Khalil Mack!,-0.0196078431372549,0.099,0.901,0.0,-0.7215,-0.099
Easports  are a bunch of cunts,-0.16666666666666666,0.494,0.506,0.0,-0.5994,-0.494
"If anyone has a spare ps4 beta code, I'd love to play. What the hell ea? I thought this was going to be an open beta, and that registering would only grant you early access to the beta- I didn't know you'd new to register to be able to play the beta!!! I didn't register, so I can't play?",-0.015625,0.068,0.709,0.223,0.8603,-0.068
PLEASE READ TH??S... EVERYONE WANTS ALL PLAYF??SH GAMES RESTAURANT C??TY PET SOC??ETY ETC. PLEASE TURN AND OPEN AGA??N THESE GAMES I AM SURE ??F YOU W??LL OPEN THESE GAMES ARE BECOME VERY POPULAR PLEASE I WANT TO PLAY THESE GAMES MY BH??LDHOOD ??S PLAYF??SH GAMES .... PLEASE :(,-0.021739130434782608,0.049,0.623,0.328,0.9276,-0.056129309225641036
PLEASE READ TH??S... EVERYONE WANTS ALL PLAYF??SH GAMES RESTAURANT C??TY PET SOC??ETY ETC. PLEASE TURN AND OPEN AGA??N THESE GAMES I AM SURE ??F YOU W??LL OPEN THESE GAMES ARE BECOME VERY POPULAR PLEASE I WANT TO PLAY THESE GAMES MY BH??LDHOOD ??S PLAYF??SH GAMES .... PLEASE :(,-0.021739130434782608,0.049,0.623,0.328,0.9276,-0.056129309225641036
Fix the award winners event wtf plsss,-0.14285714285714285,0.264,0.278,0.458,0.4215,-0.36860489038724276
Seus Filhos da PUTA ! V??O TOMA NO CU!,-0.125,0.31,0.69,0.0,-0.4843,-0.3225806451612903
Easports is  a bunch of cock suckers,-0.14285714285714285,0.551,0.449,0.0,-0.5994,-0.551
FILHOS DA PUTA! V??O TOMA NO CU!,-0.14285714285714285,0.344,0.656,0.0,-0.4843,-0.36860489038724276
"Who cares, your game blows dick!",-0.16666666666666666,0.339,0.378,0.283,-0.1511,-0.42993358039234775
what the hell so it's all about rashford ?!!,-0.1111111111111111,0.393,0.607,0.0,-0.7339,-0.393
WHAT THE HELL IS GOING ON WITH ONLINE MADDEN....... I cant control what formation I call or catching or even passing.... Every other kick is short or out of bounds???... My QB throws nothing but Ints... and I cant even audible???...,-0.024390243902439025,0.092,0.908,0.0,-0.5803,-0.092
You have ruined every title you own EA. YOU'RE NOTHING BUT A MONEY GRAB EVERYTHING YOU BOUGHT FROM THQ YOU'VE MADE A COMPLETE PIECE OF CRAP OUT OF... I HOPE YOU GO UNDER AND NEVER SEE THE LIGHT OF DAY AGAIN SUCH A WASTE OF MONEY YOUR GAMES ARE.,-0.0196078431372549,0.169,0.759,0.071,-0.6486,-0.169
Easports are a bunch of cunts,-0.16666666666666666,0.494,0.506,0.0,-0.5994,-0.494
Still no new NHL game on PC. WTF you wait for?,-0.09090909090909091,0.4,0.6,0.0,-0.7184,-0.4
"Bullashit mutt games fkn suck , cock suckers kill yourselves",-0.1111111111111111,0.714,0.286,0.0,-0.91,-0.714
I hope you fkn die cunts drop dead,-0.125,0.743,0.105,0.152,-0.9062,-0.743
I hate Easports mother fkn cunts loser dick heads alll losers drop dead,-0.15384615384615385,0.828,0.172,0.0,-0.9753,-0.828
Game is garbage programmers suck too much dick,-0.125,0.508,0.492,0.0,-0.7351,-0.508
"I hate  Easports they killed the Madden series , they made a good game , bad ty cock suckers",-0.058823529411764705,0.551,0.266,0.183,-0.9022,-0.551
"I really hope the poor penalti and fouling system get fixed. Please too many crap calls in FIFA 16. IGNITE just didn't deliver period, the physics were a complete failure. If 17 sucks I will complain endlessly on more posts so get it right EA Frostbite.",-0.02127659574468085,0.256,0.646,0.099,-0.8303,-0.256
"I get that EA thinks it prudent and perhaps more efficient to shift all of its games onto the Frostbite game engine but in the realm of EA sports I find it rather strange since just 2 years ago they were touting their new IGNITE engine and how it was going to revolutionize sports gaming.  NOW all of a sudden IGNITE is crap and FROSTBITE is the game engine to revolutionize the industry.  Answer me this EA.  Frostbite has been around for quite some time.  Why did you even bother with IGNITE in the first place when you had Frostbite all along and why didn't you think Frostbite was the engine of cholce for EA sports games back then?  Secondary note.  You keep raving about Frostbite being used for Rory Mcillroy Golf and for FIFA 17 but you have yet to discuss WHY the Frostbite game engine is so superior to the IGNITE game engine.  If you don't explain it, then bragging about it is meaningless to the consumer.",-0.005952380952380952,0.082,0.871,0.047,-0.6504,-0.082
Easports = cunts,-0.5,0.796,0.204,0.0,-0.5994,-1
Screw Alex hunter,-0.3333333333333333,0.412,0.588,0.0,-0.1027,-0.8574929257125441
Screw fifa we want skate 4,-0.16666666666666666,0.246,0.526,0.228,-0.0258,-0.42993358039234775
No Brazilian league again! WTF!,-0.2,0.687,0.313,0.0,-0.7639,-0.687
I miss the days when Ask Madden would screw up and he would tell you to punt on 3rd down...,-0.05,0.15,0.85,0.0,-0.25,-0.15
oh no oh my god suarez in a pack wtf,-0.1,0.426,0.426,0.149,-0.5994,-0.426
I only hope you have fixed the defensive pass interference on the game.  It's crap holding receivers 10 yrds downfield with no call. It's cap bumping receiver off route 15 yrds downfield.,-0.029411764705882353,0.134,0.754,0.112,-0.2023,-0.134
Mother fkn cunts I wish they were dead,-0.125,0.55,0.268,0.181,-0.7579,-0.55
Dumb cock suckers,-0.3333333333333333,1.0,0.0,0.0,-0.802,-1.0
How do you make a beta release better than the actual retail release? Or how do you screw up a game so much after a beta release that the beta was much better?,-0.030303030303030304,0.041,0.781,0.178,0.6966,-0.07823969299055072
Just got rip off on cards fu Ea,-0.125,0.402,0.598,0.0,-0.6908,-0.402
Only 4 in the world had packed Suarez wtf? Iam not buying from u any games,-0.0625,0.226,0.774,0.0,-0.5859,-0.226
Omg wtf I finish first round n got into second round I lost my health bar n everything then I cannot move at all? how is tht fair to other player,-0.03125,0.194,0.732,0.073,-0.5859,-0.194
"Fight night couldn't,agree more ufc is dog piss who wants to roll around on the floor we want to fight like men not kids",-0.04,0.257,0.619,0.124,-0.6249,-0.257
What a bunch of horse crap. Who was mvp of the league or mvp of the superbowl?  That should be newton or millers cover. Ea has a habit of sticking it to mvps. They screwed carey price out of the cover for nhl 16 when he was mvp and won 4 awards,-0.019230769230769232,0.101,0.783,0.117,0.2263,-0.101
BOYCOTT MADDEN 17 UNTIL EA STEPS UP THEIR GAME. THEY ARE MONOPOLIZING FOOTBALL THEY PAY CONTRACT TO NFL AND THEY PUT OUT PILES OF CRAP. DON'T BUY SO 2K HAS A CHANCE GUARANTEED BETTER COMPARE NBA GAMES,-0.02631578947368421,0.182,0.698,0.12,-0.1621,-0.182
Oh hell yeah baby!,-0.25,0.538,0.22,0.242,-0.5707,-0.6441566264008308
"Now everyone go give EA all of your money, so you can open 20 packs and get a load of crap",-0.047619047619047616,0.12,0.88,0.0,-0.3818,-0.12294255990122585
wtf,-1.0,1.0,0.0,0.0,-0.5859,-1
Who the fuk plays hokey? Make an effing fight night plz man for the ps4,-0.06666666666666667,0.157,0.65,0.193,-0.0847,-0.17210709770537855
Bought a pack for 25000 coins and it was shite this is the first FIFA I have bought in six years and I'll never buy another crap packs and glitchy gameplay,-0.03125,0.0,0.928,0.072,0.2924,-0.08068452663929979
ea im playing the demo of ufc 1 and just to say do you even know how set the diffacoulty you faggots die in hell,-0.04,0.368,0.58,0.052,-0.9169,-0.368
Make a fight night wtf its been 3 years,-0.1111111111111111,0.561,0.439,0.0,-0.7506,-0.561
Fix your friggin packs will you? I'm sick of spending money for crap!,-0.07142857142857142,0.36,0.64,0.0,-0.7345,-0.36
More crap probably.  You guys still need to make up for 15.  We should get a free game from the one!,-0.047619047619047616,0.118,0.735,0.147,0.1776,-0.12294255990122585
Server is down wtf,-0.25,0.559,0.441,0.0,-0.5859,-0.6441566264008308
If one more DYSINC ERROR occurs and my stats score and effort are for nothing in gonna talk to a lawyer about a class action lawsuit to get my money back. Ever since this salary cap crap I can't even finish a fukin game!!,-0.021739130434782608,0.179,0.821,0.0,-0.7942,-0.179
Why is this not available for the PC ? In comparison PC Gaming anhilates / shits on / KnocksOut console gaming! WTF?,-0.10526315789473684,0.308,0.692,0.0,-0.8202,-0.308
I'm top 160 in the ranks this game is crap,-0.09090909090909091,0.21,0.645,0.145,-0.2023,-0.23466162723196607
Sic of this ufc crap bring back fight night,-0.1111111111111111,0.426,0.574,0.0,-0.6369,-0.426
any danger of fixng your crap servers online for fifa an ufc 2 ? didn't think so,-0.058823529411764705,0.316,0.684,0.0,-0.7184,-0.316
Just got EA Acess. My Team looks like crap. But I'll get there sooner or later.,-0.058823529411764705,0.103,0.798,0.1,-0.0129,-0.15186418480769676
"This game sucks.  The striking is better than the first one, but changing the grappling to directional timers?  Really?  FAIL, big time.  The Undisputed series still has EA beat in this franchise.  Sorry EA.  You really need to either put more effort into your sports games, or stick to Madden and stop saturating the market with crap sports games.  Let someone else, who can do a better job, have the rights.",-0.014084507042253521,0.179,0.752,0.069,-0.8462,-0.179
should be 6  reasons not to try this game   .... terrible   every single feature is awful  ... hell u can k.o a guy buy punching him in the back,-0.037037037037037035,0.318,0.682,0.0,-0.8934,-0.318
"I have no reason anymore!  You still sucks! Career 35 fights?! Dan Severn has more than 100 fights in his professional career!!! WTF?! This stupid tattoo designs,  horrible haircuts and moves from previous game?!!  Are you kidding me?!!!  I want my money back!",-0.023255813953488372,0.32,0.63,0.05,-0.9485,-0.32
Good Game.    Online is flawed thou.      People know how to do certain things which gives the other player no chance.      Hell annoying.,-0.045454545454545456,0.292,0.492,0.215,-0.5423,-0.292
Ufc games are crap go back to fight night they are awsome games,-0.07692307692307693,0.321,0.679,0.0,-0.6369,-0.321
EA dropped another polished turd,-0.2,0.0,1.0,0.0,0.0,-0.5157106231293968
Ea hijos de puta no dejan ganar yo jugaba con el Mil??n contra el inter en modo carrera iba ganado y en el minuto 89 Me enpataron en el 90 pego un travesa??o hijos de puta negros no se compren el fifa adem??s en el ultimate team no me dieron el sobre no se lo compren es una mierda putos,-0.03333333333333333,0.151,0.849,0.0,-0.8299,-0.151
"U guys have definitely done such settings in FUT with the referee with players fouling near the goal post every single time, what the f#^$/^$@# its very annoying, how can v play if this keeps happening a low standard player some one like castro aogo etc etc are catching up with players like Aubemayang Robben di maria etc etc what the hell what is the difference then btw these players",-0.014285714285714285,0.121,0.752,0.127,-0.1513,-0.121
Gay I want fight night,-0.2,0.441,0.339,0.22,-0.3182,-0.5157106231293968
EA NHL16 servers are terrible. It's the only game I have problems with on XBOX ONE. I guess they haven't gotten enough of my money. Garbage. Last year I waste my money on this crap. Thanks for nothing EA.,-0.024390243902439025,0.255,0.681,0.064,-0.8271,-0.255
When the hell is fight night coming out????????,-0.125,0.576,0.424,0.0,-0.8466,-0.576
He hasn't even had a fight yet wtf,-0.1111111111111111,0.346,0.455,0.199,-0.3851,-0.346
Rami Suka,-0.5,0.0,1.0,0.0,0.0,-1
"Lo volete risolvere questo cazzo di problema su fifa o vi state solo grattando le palle, io pago per l abbonamento brutti coglioni",-0.043478260869565216,0.0,1.0,0.0,0.0,-0.11225331376673431
f??ck ea,-0.5,0.0,1.0,0.0,0.0,-1
f??ck ea,-0.5,0.0,1.0,0.0,0.0,-1
WTF is with servers in FIFA 16 Mobile,-0.125,0.352,0.648,0.0,-0.5859,-0.352
f??ck ea,-0.5,0.0,1.0,0.0,0.0,-1
f??ck ea,-0.5,0.0,1.0,0.0,0.0,-1
f??ck ea,-0.5,0.0,1.0,0.0,0.0,-1
f??ck ea,-0.5,0.0,1.0,0.0,0.0,-1
f??ck ea,-0.5,0.0,1.0,0.0,0.0,-1
f??ck ea,-0.5,0.0,1.0,0.0,0.0,-1
f??ck ea,-0.5,0.0,1.0,0.0,0.0,-1
f??ck ea,-0.5,0.0,1.0,0.0,0.0,-1
"Vardy is having a great season in reality, but a 75 ST in FIFA is not strong and people selling him for 30,000 coins because of a new rating is ridiculous. Some people just take the absolute piss with this game",-0.024390243902439025,0.221,0.725,0.054,-0.8318,-0.221
And still no imbula to stoke!!! Wtf,-0.14285714285714285,0.579,0.421,0.0,-0.783,-0.579
yayyy EA losing business finally FU,-0.16666666666666666,0.646,0.354,0.0,-0.8074,-0.646
fuk off ea u set of cunts,-0.2857142857142857,0.438,0.562,0.0,-0.5994,-0.7357118927777097
"Where the hell is fifa 16 in windows phone market store?? EA sport??",-0.07692307692307693,0.317,0.683,0.0,-0.7622,-0.317
HOW THE HELL CAN YOU NOT UPGRADE DYLAN LARKIN???,-0.1111111111111111,0.391,0.609,0.0,-0.7303,-0.391
Bring back fight night you cunts,-0.16666666666666666,0.619,0.381,0.0,-0.7579,-0.619
to hell with this! WHERE'S FIGHT NIGHT!!!!!!,-0.125,0.626,0.374,0.0,-0.8544,-0.626
wtf??? WHERE'S FIGHT NIGHT!!!,-0.2,0.796,0.204,0.0,-0.8323,-0.796
When the hell is fight night ??????,-0.16666666666666666,0.62,0.38,0.0,-0.8466,-0.62
Fifa puto entrega los totty,-0.2,0.0,1.0,0.0,0.0,-0.5157106231293968
"What the hell is going on? First my FIFA has disappeared now my Grandson. We get no answers. Can't get hold of anyone, a big con as we are owed",-0.03225806451612903,0.251,0.749,0.0,-0.8271,-0.251
MUT is a rip off! Im playing solo chalenges and losing contracts fot playing a 45 second game? (GAY),-0.05263157894736842,0.127,0.683,0.19,0.0,-0.13588160629966098
Hey EA my fifa 16 have more bugs WTF,-0.1111111111111111,0.338,0.662,0.0,-0.6222,-0.338
Sergio Palacios wtf q hace su amigo mangala ahi,-0.1111111111111111,0.352,0.648,0.0,-0.5859,-0.352
