Message,Abusive_Score,NLTK_Neg,NLTK_Neu,NLTK_Pos,NLTK_Compound,Overall_score
"She is ultra sexy,,",-0.25,0.0,1.0,0.0,0.0,-0.6441566264008308
"when the dick is good ad you dont know how to deal with it face,,",-0.06666666666666667,0.172,0.677,0.151,-0.1027,-0.17210709770537852
"New trychamp for ranked games wtf 🔥,,",-0.14285714285714285,0.388,0.612,0.0,-0.5859,-0.388
"why i cant pick her wtf riot,,",-0.14285714285714285,0.0,0.619,0.381,0.4717,-0.36860489038724276
"fix your game rito D:,,",-0.2,0.0,1.0,0.0,0.0,-0.5157106231293968
"Black Widow? Is that you? :D,,",-0.16666666666666666,0.0,1.0,0.0,0.0,-0.42993358039234775
"Kai'Sa deve ter um puta de um grelo roxo da porra prevejo altos porno com ela .💜💜💜,,",-0.05555555555555555,0.0,1.0,0.0,0.0,-0.14342907231889207
"I like my FACE :D,,",-0.2,0.0,0.545,0.455,0.3612,-0.5157106231293968
"How sexy lips 😋😋,,",-0.25,0.0,0.469,0.531,0.5267,-0.6441566264008308
"F*ck Champ😂,,",-0.5,0.0,1.0,0.0,0.0,-1
"So surgery is also a theme in League. Her lips... :D,,",-0.09090909090909091,0.0,1.0,0.0,0.0,-0.23466162723196604
"Wtf why 9 GB update,,",-0.2,0.559,0.441,0.0,-0.5859,-0.559
"O un nerf a esa puta pasiva,,",-0.14285714285714285,0.0,1.0,0.0,0.0,-0.36860489038724276
"new champion <3 <3 <3 :D :),,",-0.16666666666666666,0.0,0.112,0.888,0.9423,-0.42993358039234775
"ahri sister  :D,,",-0.3333333333333333,0.0,1.0,0.0,0.0,-0.8574929257125441
"devre dışı orospu cocu,,",-0.25,0.0,1.0,0.0,0.0,-0.6441566264008308
"Sexy,,",-1.0,0.0,1.0,0.0,0.0,-1
"polak robak,,",-0.5,0.0,1.0,0.0,0.0,-1
"Duy D. Illaoi,,",-0.3333333333333333,0.0,1.0,0.0,0.0,-0.8574929257125441
"Why the fuk nerf ryze WHY,,",-0.16666666666666666,0.0,1.0,0.0,0.0,-0.42993358039234775
"WTF WHY THEY STILL BUFF SWAIN?? THIS IS NOT COOL OMG THIS GUY IS SO FCKING BROKEN AND THEY STILL BUFF HIM.. RIOT IS SHIIT.. IF U BUFF SWAIN ITS LIKE U BUFF TEEMO ....,,",-0.029411764705882353,0.3,0.642,0.057,-0.891,-0.3
"Another azir nerf
Like wtf riot... Its Like you hate azir and you keep nerfing him
Why ¿¿¿¿,,",-0.05555555555555555,0.283,0.528,0.189,-0.5423,-0.283
"Stop nerfing Azir u dumb shits,,",-0.16666666666666666,0.647,0.353,0.0,-0.6705,-0.647
"Jan Go Daniel Ot da ist der schaden :D,,",-0.1111111111111111,0.0,1.0,0.0,0.0,-0.2867696673382022
"Lukáš Škrabal :D,,",-0.3333333333333333,0.0,1.0,0.0,0.0,-0.8574929257125441
"Nikolaos Avramidis wtf xD,,",-0.25,0.559,0.441,0.0,-0.5859,-0.6441566264008308
"Mâstër JùzôLi NkWael Tyvohn korean ta3 zabi b Minion yniklek la base :D,,",-0.15384615384615385,0.0,1.0,0.0,0.0,-0.3969160358359708
"Haha sadly all my Lux supps suck dick like Wood V,,",-0.09090909090909091,0.439,0.293,0.268,-0.5423,-0.439
"Hate those little shits.,,",-0.25,0.552,0.448,0.0,-0.5719,-0.6441566264008308
"Luke O'Neill wtf,,",-0.3333333333333333,0.0,1.0,0.0,0.0,-0.8574929257125441
"Rito Yuuki :D,,",-0.3333333333333333,0.0,1.0,0.0,0.0,-0.8574929257125441
"Brian Tran Paul Nguyen Rich Duong Ethan D. Nguyen back when League was good,,",-0.07142857142857142,0.0,0.783,0.217,0.5574,-0.18439642112147225
"F.U riot,,",-0.5,0.0,1.0,0.0,0.0,-1
"Fck off ahahahah,,",-0.3333333333333333,0.0,1.0,0.0,0.0,-0.8574929257125441
"fck that bish,,",-0.3333333333333333,0.0,1.0,0.0,0.0,-0.8574929257125441
"suck a dick riot,,",-0.25,0.861,0.139,0.0,-0.7351,-0.861
"Suck my cock,,",-0.3333333333333333,0.592,0.408,0.0,-0.4404,-0.8574929257125441
"FUK YOU ALL ZOE PLAYERS,,",-0.2,0.0,1.0,0.0,0.0,-0.5157106231293968
"I hate him! But he has to exist and it's good! But i don't understand how people can love him. I'm mean his abilities are boring af... And im a top so when a teemo is against me... People in my room should definitely go outside! Haha i like him a bit because he's part of the beginning of the game but thats all! And i only love him when i kill him! :D,,",-0.01282051282051282,0.12,0.556,0.325,0.9693,-0.12
"Fcking TEEMO DESTROYING EVERY MATCH HE IS IN :D,,",-0.1111111111111111,0.31,0.69,0.0,-0.5574,-0.31
"I'm so conflicted. I hate playing against him but I feel like a dick playing him...,,",-0.058823529411764705,0.311,0.358,0.331,-0.1435,-0.311
"Fck this hamster!,,",-0.3333333333333333,0.0,1.0,0.0,0.0,-0.8574929257125441
"“U want... sum fuk?”,,",-0.16666666666666666,0.0,1.0,0.0,0.0,-0.42993358039234775
"Bring back Sword of the occult don't be such a pussy rito is a high risk , high reward item,,",-0.05,0.101,0.721,0.178,0.3818,-0.1290886879311069
"Tan Shan Yu fuk,,",-0.25,0.0,1.0,0.0,0.0,-0.6441566264008308
"Cade Shotkoski lol fuk,,",-0.25,0.0,0.517,0.483,0.4215,-0.6441566264008308
"Fuk you rito. BUFF GAREN FFS.,,",-0.16666666666666666,0.0,1.0,0.0,0.0,-0.42993358039234775
"Tan Shan Yu fuk,,",-0.25,0.0,1.0,0.0,0.0,-0.6441566264008308
"Cade Shotkoski lol fuk,,",-0.25,0.0,0.517,0.483,0.4215,-0.6441566264008308
"Fuk you rito. BUFF GAREN FFS.,,",-0.16666666666666666,0.0,1.0,0.0,0.0,-0.42993358039234775
"Jordan Howard wtf,,",-0.3333333333333333,0.0,1.0,0.0,0.0,-0.8574929257125441
"Who doesn't love me? :D,,",-0.16666666666666666,0.457,0.543,0.0,-0.5216,-0.457
"Shes crying because rakan wanted some vastayan pussy and he choose Rengar...,,",-0.08333333333333333,0.22,0.78,0.0,-0.4767,-0.22
"Teemo is the most hated champ every game i play he is banded... man fck you teemo haters lol,,",-0.05263157894736842,0.28,0.51,0.21,-0.4432,-0.28
"Dudes from riot games go and fck your missions i win a pvp match and it didnt count to missions.,,",-0.05,0.154,0.684,0.162,0.0516,-0.154
"Wtf i hate u riot why u nerf my katttt  whyyyyyy,,",-0.09090909090909091,0.689,0.311,0.0,-0.9022,-0.689
"bloody hell Master Yi,,",-0.25,0.789,0.211,0.0,-0.8176,-0.789
"B U F F E D Y I
Jason Adam Gadsby Marcus Everitt Dan Brown Matthew N Mocke Ben Feliciani,,",-0.1,0.0,1.0,0.0,0.0,-0.2581128664598337
"Tibbers! :D Sandra-Maria Mayer,,",-0.25,0.0,0.455,0.545,0.5562,-0.6441566264008308
"Luka Maštrović :D,,",-0.3333333333333333,0.0,1.0,0.0,0.0,-0.8574929257125441
"Ở Việt Nam giờ là tối rồi :D,,",-0.125,0.0,1.0,0.0,0.0,-0.3225806451612903
"Fck,,",-1.0,0.0,1.0,0.0,0.0,-1
"Yea fck that milf,,",-0.25,0.0,1.0,0.0,0.0,-0.6441566264008308
"Delete Zoe fuk,,",-0.3333333333333333,0.0,1.0,0.0,0.0,-0.8574929257125441
"Delete Zoe fuk,,",-0.3333333333333333,0.0,1.0,0.0,0.0,-0.8574929257125441
"WHAT A PUSSY,,",-0.3333333333333333,0.0,1.0,0.0,0.0,-0.8574929257125441
"Jai Gordon wtf yas is Asian,,",-0.16666666666666666,0.432,0.568,0.0,-0.5859,-0.432
"Fck you noob champ!!😂😂,,",-0.25,0.373,0.627,0.0,-0.1984,-0.6441566264008308
"stupid sona Q buff wtf all AP sona mid players challenger now XD,,",-0.07692307692307693,0.407,0.508,0.085,-0.7717,-0.407
"fuk u,,",-0.5,0.0,1.0,0.0,0.0,-1
"Chuan Samantha S O N A  B U F F,,",-0.1,0.0,1.0,0.0,0.0,-0.2581128664598337
"vayne r nerf and ornn Q,W nerf get fukt fuk u riot,,",-0.08333333333333333,0.0,1.0,0.0,0.0,-0.21511595185875906
"Stop being a lesbian. Play DotA ! #LeagueOfLesbians,,",-0.14285714285714285,0.247,0.45,0.303,0.126,-0.36860489038724276
"FCK,,",-1.0,0.0,1.0,0.0,0.0,-1
"Adam fuk you,,",-0.3333333333333333,0.0,1.0,0.0,0.0,-0.8574929257125441
"You riot fags need to make a series already.,,",-0.1111111111111111,0.34,0.66,0.0,-0.5574,-0.34
"anyhow  whatever this going to be i hate this dude and his birds soo f*ck him!   🙂✌🏻,,",-0.058823529411764705,0.21,0.79,0.0,-0.6114,-0.21
"Fck,,",-1.0,0.0,1.0,0.0,0.0,-1
"Maurice Siegmann =D,,",-0.3333333333333333,0.0,1.0,0.0,0.0,-0.8574929257125441
"Domantas Jagminas :D,,",-0.3333333333333333,0.0,1.0,0.0,0.0,-0.8574929257125441
"Robertas Pačinskas ,D,",-0.3333333333333333,0.0,1.0,0.0,0.0,-0.8574929257125441
"Fanny Béasse,,",-0.5,0.0,1.0,0.0,0.0,-1
"Fanny Béasse,,",-0.5,0.0,1.0,0.0,0.0,-1
"Me is jhin main and me streaming everyday,
well i just started streaming and would appreciate every support :D https://www.youtube.com/channel/UCNJ8k5DHRSM96GtDau2k6PA/live,,",-0.05,0.0,0.581,0.419,0.8689,-0.1290886879311069
"MF is rly bad girl i think mf is trans or im idiot :p,,",-0.07142857142857142,0.382,0.618,0.0,-0.7783,-0.382
"WTF !! how about Wukong ?,,",-0.25,0.467,0.533,0.0,-0.658,-0.6441566264008308
"RIOT FCK U ! BRAND BUFFED ?! GG,,",-0.16666666666666666,0.456,0.544,0.0,-0.6351,-0.456
"where is it you fags 😂,,",-0.16666666666666666,0.0,1.0,0.0,0.0,-0.42993358039234775
"Fuk u rito,,",-0.3333333333333333,0.0,1.0,0.0,0.0,-0.8574929257125441
"Fcuk teemo.,,",-0.5,0.0,1.0,0.0,0.0,-1
"cock,,",-1.0,0.0,1.0,0.0,0.0,-1
"Fuk u rito,,",-0.3333333333333333,0.0,1.0,0.0,0.0,-0.8574929257125441
"Fuk u rito,,",-0.3333333333333333,0.0,1.0,0.0,0.0,-0.8574929257125441
"HE HAS A MASK WE CAN'T EVEN DROWN THE CANCER FCK YOU TITOO,,",-0.07142857142857142,0.253,0.575,0.172,-0.3404,-0.253
"Teemo really isn’t that hard to beat. Just go burst and rekt that mofo,,",-0.0625,0.113,0.887,0.0,-0.1689,-0.16135329791560707
"FCK U NAMI,,",-0.3333333333333333,0.0,1.0,0.0,0.0,-0.8574929257125441
"F*ck you teemo,,",-0.3333333333333333,0.0,1.0,0.0,0.0,-0.8574929257125441
"Fuk Darius's,,",-0.3333333333333333,0.0,1.0,0.0,0.0,-0.8574929257125441
"rly fck ur mother owner of league of legends full buggs full crush wake up mother fcker and fix ur game,,",-0.047619047619047616,0.074,0.926,0.0,-0.1531,-0.12294255990122585
"pussy hunter darius,,",-0.3333333333333333,0.0,1.0,0.0,0.0,-0.8574929257125441
"Girls Got Wet Pussy?,,",-0.25,0.0,1.0,0.0,0.0,-0.6441566264008308
"Ardian B. Luzha,,",-0.3333333333333333,0.0,1.0,0.0,0.0,-0.8574929257125441
"Well imitated cuz she has no boobs,,",-0.14285714285714285,0.237,0.538,0.226,-0.0258,-0.36860489038724276
"Screw you teemo,,",-0.3333333333333333,0.412,0.588,0.0,-0.1027,-0.8574929257125441
"Lukáš Vojtela :D,,",-0.3333333333333333,0.0,1.0,0.0,0.0,-0.8574929257125441
"Boy Van Essen here are some eagle and bee sex vibes kek,,",-0.08333333333333333,0.0,1.0,0.0,0.0,-0.21511595185875906
"WTF TextsJacksepticeye & MarkiplierMr ChairUndertale ArtistsSupreme Zesty Memes,,",-0.14285714285714285,0.388,0.612,0.0,-0.5859,-0.388
"Jungle zac and support son a :D,,",-0.14285714285714285,0.0,0.649,0.351,0.4019,-0.36860489038724276
"Fuck,,",-1.0,0.0,1.0,0.0,0.0,-1
"BREAKING : Cancer character is italian and not jap!,,",-0.125,0.401,0.599,0.0,-0.69,-0.401
"Jordan and Stevie :D,,",-0.25,0.0,1.0,0.0,0.0,-0.6441566264008308
"URF IS SO BAD WE NEED THE NORMAL URF THIS URF SO BAD ONLY 10 CHIMPS !! .,... WTF,,",-0.058823529411764705,0.36,0.64,0.0,-0.8902,-0.36
"Unban my acc u fags,,",-0.2,0.0,1.0,0.0,0.0,-0.5157106231293968
"wtf !! 
https://www.youtube.com/watch?v=xBu1nJZ6hv8&t=3s,,",-0.5,0.687,0.313,0.0,-0.658,-1
"Alex Kruk :D,,",-0.3333333333333333,0.0,1.0,0.0,0.0,-0.8574929257125441
"Hes got a nice dick, no homo.,,",-0.14285714285714285,0.487,0.265,0.248,-0.4019,-0.487
"Muy Buenas amigos Loleros! 
Creamos una nueva Pagina con el fin de Brindar Información de Todas las Actualizaciones Propias del Juego :D 
Además de Fabulosos Sorteos que se van a dar por Semana! 
Damos la Bienvenida con un Sorteo Navideño ! 🎅
Primer Puesto : Skin Navideña de 1350rp (a elección) 👾
Segundo Puesto: Cajita Misteriosa 🤡
Recuerden que el Sorteo Se Hara al llegar a los 250 Seguidores y el Sorteo sera en Vivo! 
Saludos Bronzas !
Link: https://www.facebook.com/BronzasdeLAS,,",-0.012987012987012988,0.0,0.942,0.058,0.6671,-0.0335321348238537
"wtf !! 
https://www.youtube.com/watch?v=xBu1nJZ6hv8&t=3s,,",-0.5,0.687,0.313,0.0,-0.658,-1
"Dab Gays Alexandros Agamemnon Αριστοτελης,,",-0.2,0.0,1.0,0.0,0.0,-0.5157106231293968
"Branislav Lukic :D,,",-0.3333333333333333,0.0,1.0,0.0,0.0,-0.8574929257125441
"Luke B Austin,,",-0.3333333333333333,0.0,1.0,0.0,0.0,-0.8574929257125441
"are u idiot riot???you have destroy darius .since you created this champ the obly think that you want to do is to destroy him.you must be more serious,,",-0.03571428571428571,0.28,0.542,0.179,-0.7109,-0.28
"co ty kurwa robisz phrek,,",-0.2,0.0,0.606,0.394,0.3818,-0.5157106231293968
"wtf !!!
https://www.youtube.com/watch?v=19iRsrjyY1E&t=,,",-0.5,0.7,0.3,0.0,-0.6884,-1
"Isaac Viramontes fuk u,,",-0.25,0.0,1.0,0.0,0.0,-0.6441566264008308
"Kasparas Zauka :D,,",-0.3333333333333333,0.0,1.0,0.0,0.0,-0.8574929257125441
"This was oddly touching our community is so great i want to log on right now and play with all the people....*one match later* mother fuckinf toxic community can go str8 to hell,,",-0.030303030303030304,0.0,0.759,0.241,0.8489,-0.07823969299055072
"Gavin Kaumanns :D,,",-0.3333333333333333,0.0,1.0,0.0,0.0,-0.8574929257125441
"https://www.g2a.com/r/lol_boost_d5 :D :D :D :D :D,,",-0.8333333333333334,0.0,0.132,0.868,0.9217,-1
"My first victory video with Kayle. Cardi B - Bodak Yellow 
https://youtu.be/Y6tZoNENxl8,,",-0.09090909090909091,0.0,1.0,0.0,0.0,-0.23466162723196604
"FUK VAYNE,,",-0.5,0.0,1.0,0.0,0.0,-1
"Back in the days when we were still in Beta, all the way up until season 2-3, people were grateful for every new champion we’ve received. We’d wait months just to get a new champion. Nowadays, we have people complaining about champions, skins, this and that, in every single post that League of Legends posts. My goodness. 

Riot, please don’t get discouraged by the amount of hate and complaints you guys receive. There are people out there that enjoy and are grateful for the new contents that you guys put out. It’s just that the people who enjoy it rather spend time playing the game than writing posts to you guys. Zoe’s great by the way.,,",-0.007936507936507936,0.098,0.668,0.235,0.9652,-0.098
"Lost thousands of hours fuk u,,",-0.16666666666666666,0.315,0.685,0.0,-0.3182,-0.42993358039234775
"Screw this octopus lookin soraka wannabe,,",-0.16666666666666666,0.219,0.781,0.0,-0.1027,-0.42993358039234775
"Banned her in draft just to piss off my midlaner.,,",-0.1,0.416,0.584,0.0,-0.6908,-0.416
"your dick is small,,",-0.25,0.524,0.476,0.0,-0.5106,-0.6441566264008308
"Fuk vayne,,",-0.5,0.0,1.0,0.0,0.0,-1
"Stop the bots u cunts,,",-0.2,0.423,0.577,0.0,-0.296,-0.5157106231293968
"u fuk all the game with your stupid patches and upgrades...,,",-0.09090909090909091,0.274,0.726,0.0,-0.5267,-0.274
"Sub to my channel if you are interested in new runes and masteries BIG GW is comming too :D :D    https://www.youtube.com/channel/UCUJyWkBx1xYj82WJ45XNC3g/videos?disable_polymer=1,,",-0.09523809523809523,0.0,0.659,0.341,0.8519,-0.24582939091876782
"Knob,,",-1.0,0.0,1.0,0.0,0.0,-1
"knob,,",-1.0,0.0,1.0,0.0,0.0,-1
"kleptomaniac sona :D,,",-0.3333333333333333,0.0,1.0,0.0,0.0,-0.8574929257125441
"Stfu man ! I don't know what the hell I am doing with these right now,,",-0.0625,0.29,0.71,0.0,-0.7088,-0.29
"Shits trash, bring back my runes.,,",-0.16666666666666666,0.383,0.617,0.0,-0.4767,-0.42993358039234775
"Shits retarded,,",-0.5,0.756,0.244,0.0,-0.4767,-1
"Screw you riot,,",-0.3333333333333333,0.412,0.588,0.0,-0.1027,-0.8574929257125441
"no fuk u,,",-0.3333333333333333,0.524,0.476,0.0,-0.296,-0.8574929257125441
"Fags!!!,,",-1.0,0.0,1.0,0.0,0.0,-1
"riot dont tell me what you add just tell me how to uninstall this crap from my pc!,,",-0.05555555555555555,0.301,0.699,0.0,-0.784,-0.301
"Riot you are so mental so retard  whats that profile boarders u fck face?,,",-0.14285714285714285,0.43,0.57,0.0,-0.8517,-0.43
"Why does she talk like a retard?,,",-0.14285714285714285,0.0,0.667,0.333,0.3612,-0.36860489038724276
"You nazis.,,",-0.5,0.0,1.0,0.0,0.0,-1
"Erik Zpevak fuk ye,,",-0.25,0.0,1.0,0.0,0.0,-0.6441566264008308
"Rokas Aidukevičius :D,,",-0.3333333333333333,0.0,1.0,0.0,0.0,-0.8574929257125441
"fuk,,",-1.0,0.0,1.0,0.0,0.0,-1
"Luke wtf,,",-0.5,0.0,1.0,0.0,0.0,-1
"Nerf Nerf !!!! :D,,",-0.3333333333333333,0.0,1.0,0.0,0.0,-0.8574929257125441
"https://www.youtube.com/watch?v=lfIm9pCeYls :D,,",-0.5,0.0,1.0,0.0,0.0,-1
"ALWAYS SK텔레콤 T1 / SK telecom T1 :D,,",-0.14285714285714285,0.0,1.0,0.0,0.0,-0.36860489038724276
"JEBO TI BOG MRTVU MAJKU DA TI JEBVO SISUS MATER JEBENU SRETNU TEBI I RULERU I JEBENOM BANGU STO NEZASLUZUJE JEBENO BIT U SKTU JA BI ODIGRAO JEBENO BOLJE OD OVOG SMEČA JEBO MU ISUS MATER NEKA GA PRAY ZAMJENI JEBENO JE LOŠ ODUSTAJEM OD SKTA NIKAD VISE NECU NAVIJAT ZA NJIH AKO BANG STAVI IGRAT ZA NJIH :D ,:D :D:D:D::DD :D::D:D:D:D::D:D:D:D:D:,",-0.03225806451612903,0.0,0.911,0.089,0.6808,-0.08328707558159619
"WHO THE FUK IS THIS??????,,",-0.2,0.0,1.0,0.0,0.0,-0.5157106231293968
"Luuk :D,,",-0.5,0.0,1.0,0.0,0.0,-1
"YASUKO :D,,",-0.5,0.0,1.0,0.0,0.0,-1
"Christoph Baumann wtf 😍,,",-0.25,0.559,0.441,0.0,-0.5859,-0.6441566264008308
"zed main 4ever zed should've been able to kill her stupid zed noobs screwing up combos,,",-0.058823529411764705,0.435,0.565,0.0,-0.875,-0.435
"wtf is this,,",-0.3333333333333333,0.655,0.345,0.0,-0.5859,-0.8574929257125441
"Useles w chuj,,",-0.3333333333333333,0.0,1.0,0.0,0.0,-0.8574929257125441
"Lesssssss gow!!! Talo apekz puta!!!,,",-0.2,0.0,1.0,0.0,0.0,-0.5157106231293968
"KI DERED WTF,,",-0.3333333333333333,0.0,1.0,0.0,0.0,-0.8574929257125441
"Wtf,,",-1.0,0.0,1.0,0.0,0.0,-1
"Wtf,,",-1.0,0.0,1.0,0.0,0.0,-1
"Wtf,,",-1.0,0.0,1.0,0.0,0.0,-1
"kids eat crap,,",-0.3333333333333333,0.0,1.0,0.0,0.0,-0.8574929257125441
"<3 Jap,,",-0.5,0.0,0.256,0.744,0.4404,-1
"♣️ 😀😁Bán dịch vụ Facebook!|😀😁Nhận tăng like-người theo dõi giá rẻ|😀😁Nhận tăng like fanpage bán hàng|😀😁Hỗ trợ các b bán hàng Online,,",-0.045454545454545456,0.0,0.878,0.122,0.4199,-0.11735504967785532
"Chadd D. Johnson,,",-0.3333333333333333,0.0,1.0,0.0,0.0,-0.8574929257125441
"Sebastian Wawerski u fuk,,",-0.25,0.0,1.0,0.0,0.0,-0.6441566264008308
"Nico Man fuk yo,,",-0.25,0.0,1.0,0.0,0.0,-0.6441566264008308
"Cansado de tener que esperar las 5 - 10 -15 partidas de LeaverBuster...
Aquí te podemos ayudar :D https://www.facebook.com/Leaverbusterfast-796784577174965/,,",-0.05555555555555555,0.0,0.829,0.171,0.5106,-0.14342907231889207
"fuk you teemo,,",-0.3333333333333333,0.0,1.0,0.0,0.0,-0.8574929257125441
"Erwin Kuk,,",-0.5,0.0,1.0,0.0,0.0,-1
"Albertas Pavliukovič :D,,",-0.3333333333333333,0.0,1.0,0.0,0.0,-0.8574929257125441
"Ho Lee Fuk,,",-0.3333333333333333,0.0,1.0,0.0,0.0,-0.8574929257125441
"Asuka B Hetnoco,,",-0.3333333333333333,0.0,1.0,0.0,0.0,-0.8574929257125441
"Łukasz Poniszewski :D,,",-0.3333333333333333,0.0,1.0,0.0,0.0,-0.8574929257125441
"i love LOL any one want to add me ?? SKT T1 JENN       we can play together :D,,",-0.058823529411764705,0.0,0.54,0.46,0.8767,-0.15186418480769676
"I invite you on my page if you want :D,,",-0.1,0.0,0.707,0.293,0.2263,-0.2581128664598337
"Camilla Freire D:,,",-0.3333333333333333,0.0,1.0,0.0,0.0,-0.8574929257125441
"#FreeStarsky... and ... wtf was fnc vs gam ?,,",-0.14285714285714285,0.322,0.678,0.0,-0.5859,-0.36860489038724276
"Kim Jong D Un i want that,,",-0.14285714285714285,0.0,0.755,0.245,0.0772,-0.36860489038724276
"lol :D new champion RAndy Orton pentakill https://www.youtube.com/watch?v=FoOTkKvY8kM,,",-0.125,0.0,0.333,0.667,0.875,-0.3225806451612903
"Do you want to get a victorious skin? Are you stuck in elo hell?  We can help you reach your dream division now. Avaliable 24/7 -
 contact us on facebook/skype or check our site: www.elo24.eu,,",-0.029411764705882353,0.161,0.658,0.182,-0.4329,-0.161
"Illaoi :D,,",-0.5,0.0,1.0,0.0,0.0,-1
"Yolo ppl if you enjoy Vayne comebacks this one is for you ! :D 
https://www.youtube.com/watch?v=Lj-RS22ENj0 :),,",-0.07142857142857142,0.0,0.574,0.426,0.8356,-0.18439642112147225
"Yolo ppl if you enjoy Vayne comebacks this one is for you ! :D 
https://www.youtube.com/watch?v=Lj-RS22ENj0 :),,",-0.07142857142857142,0.0,0.574,0.426,0.8356,-0.18439642112147225
"Vailon vietnam ?? :D ??,,",-0.3333333333333333,0.0,0.484,0.516,0.644,-0.8574929257125441
"Gabriel J D Ryan,,",-0.25,0.0,1.0,0.0,0.0,-0.6441566264008308
"ِAhmed Mohamed AbdulFattah Muhammad Dahab :D,,",-0.16666666666666666,0.0,1.0,0.0,0.0,-0.42993358039234775
"Wat the fcuk,,",-0.3333333333333333,0.0,1.0,0.0,0.0,-0.8574929257125441
"Fuk u rito,,",-0.3333333333333333,0.0,1.0,0.0,0.0,-0.8574929257125441
"Holy fuk,,",-0.5,0.0,1.0,0.0,0.0,-1
"suka,,",-1.0,0.0,1.0,0.0,0.0,-1
"Armando Fanny,,",-0.5,0.0,1.0,0.0,0.0,-1
"https://youtu.be/L3wkEne6l2w BUT THIS? WTF? :D,,",-0.4,0.623,0.377,0.0,-0.8229,-1
"to get revenge on Red :D https://www.youtube.com/watch?v=-Af3_bo4Xf4,,",-0.14285714285714285,0.291,0.427,0.282,-0.0258,-0.36860489038724276
"Buenas con permiso dejo un video (5m), un top 10 de momentos divertidos, me gustaría que me apoyen y dejen comentarios en que podría mejorar :D
https://www.youtube.com/watch?v=mpRd-QbM-Ig,,",-0.037037037037037035,0.0,0.825,0.175,0.6249,-0.09562484610388713
"to get revenge on Red :D https://www.youtube.com/watch?v=-Af3_bo4Xf4,,",-0.14285714285714285,0.291,0.427,0.282,-0.0258,-0.36860489038724276
"Buenas con permiso dejo un video (5m), un top 10 de momentos divertidos, me gustaría que me apoyen y dejen comentarios en que podría mejorar :D
https://www.youtube.com/watch?v=mpRd-QbM-Ig,,",-0.037037037037037035,0.0,0.825,0.175,0.6249,-0.09562484610388713
"Fuk em all Soraka is the cutes one <3,,",-0.1111111111111111,0.0,0.741,0.259,0.4215,-0.2867696673382022
"Pallaside420 add me EUNE ! :D,,",-0.2,0.0,1.0,0.0,0.0,-0.5157106231293968
"Lukas :D,,",-0.5,0.0,1.0,0.0,0.0,-1
"Soraka has got star guardian skin but Elise hasn't got cigar :d i think she looks beautiful with cigar :d,,",-0.09523809523809523,0.137,0.656,0.207,0.4209,-0.24582939091876782
"Soraka has got star guardian skin but Elise hasn't got cigar :d i think she looks beautiful with cigar :d,,",-0.09523809523809523,0.137,0.656,0.207,0.4209,-0.24582939091876782
"Nahu Kusuk wtf,,",-0.3333333333333333,0.0,1.0,0.0,0.0,-0.8574929257125441
"Lorenzo Bertelmann Wtf^^,,",-0.3333333333333333,0.0,1.0,0.0,0.0,-0.8574929257125441
"https://www.youtube.com/watch?v=zM3wAaAM6N8         mission fail gold elo :D,,",-0.16666666666666666,0.412,0.588,0.0,-0.5423,-0.42993358039234775
"https://www.youtube.com/watch?v=zM3wAaAM6N8         gold elo fail :D,,",-0.2,0.467,0.533,0.0,-0.5423,-0.5157106231293968
"I fuk this game !,,",-0.25,0.0,1.0,0.0,0.0,-0.6441566264008308
"Ale brzydka suka,,",-0.3333333333333333,0.0,1.0,0.0,0.0,-0.8574929257125441
"IRL is always better :D,,",-0.2,0.0,0.58,0.42,0.4404,-0.5157106231293968
"Guat def fuk,,",-0.3333333333333333,0.0,1.0,0.0,0.0,-0.8574929257125441
"fuk ur mother riots,,",-0.25,0.0,1.0,0.0,0.0,-0.6441566264008308
"fuk ur mother riots,,",-0.25,0.0,1.0,0.0,0.0,-0.6441566264008308
"Acompanhe uma partida de noobs para noobs :D

https://gaming.youtube.com/channel/UC9K6zGca-5ARHu1-7FtQ4Og/live,,",-0.1111111111111111,0.0,0.708,0.292,0.5106,-0.2867696673382022
"Asuka B Hetnoco,,",-0.3333333333333333,0.0,1.0,0.0,0.0,-0.8574929257125441
"la antigua poppy :d,,",-0.25,0.0,1.0,0.0,0.0,-0.6441566264008308
"Mahsum D. Keskin,,",-0.3333333333333333,0.0,1.0,0.0,0.0,-0.8574929257125441
"Who the fuk is this,,",-0.2,0.0,1.0,0.0,0.0,-0.5157106231293968
"Who the fuk is this,,",-0.2,0.0,1.0,0.0,0.0,-0.5157106231293968
"Vũ Trần Khoa :D Vũ Minh Nhật,,",-0.14285714285714285,0.0,0.645,0.355,0.5106,-0.36860489038724276
"Erwin Kuk Lol,,",-0.3333333333333333,0.0,1.0,0.0,0.0,-0.8574929257125441
"Fuk u ill flash,,",-0.25,0.583,0.417,0.0,-0.4215,-0.6441566264008308
"https://m.twitch.tv/erikdaquiali follow pls  :D,,",-0.25,0.0,0.698,0.302,0.0772,-0.6441566264008308
"Fuk teemo,,",-0.5,0.0,1.0,0.0,0.0,-1
"https://www.twitch.tv/erikdaquiali  follow pls :D stream on,,",-0.16666666666666666,0.0,0.465,0.535,0.5574,-0.42993358039234775
"https://www.twitch.tv/erikdaquiali follow pls :D stream on,,",-0.16666666666666666,0.0,0.465,0.535,0.5574,-0.42993358039234775
"Thee fuuu is this?? Hahahaha nice video :D,,",-0.125,0.0,0.689,0.311,0.4871,-0.3225806451612903
"Why the fck u buff lux and ekko??,,",-0.125,0.0,1.0,0.0,0.0,-0.3225806451612903
"wow! so sexy https://youtu.be/DmvfbnACMHk,,",-0.25,0.0,0.204,0.796,0.831,-0.6441566264008308
"wow so sexy! https://youtu.be/DmvfbnACMHk,,",-0.25,0.0,0.204,0.796,0.831,-0.6441566264008308
"u saw this awesome lord vel'koz fanart? :D http://jiangxhi.artstation.com/projects/mmGLy 
u definitly have to do this!,,",-0.06666666666666667,0.0,0.588,0.412,0.8268,-0.17210709770537852
"PM me if you want ^_^ 👇
PM your IGN, your main, and main's role ^_^
ADD me! :D 👇,,",-0.05263157894736842,0.0,0.786,0.214,0.5983,-0.13588160629966098
"more sexy cosplay

http://t.me/RobotCashBot?start=AwAnaKFT,,",-0.25,0.0,0.448,0.552,0.5709,-0.6441566264008308
"Pls help me with a click :-D https://www.riotevent.com/?id=6tvzsUmY,,",-0.125,0.0,0.354,0.646,0.743,-0.3225806451612903
"TRISTANA LOOKING HOT AS FUK,,",-0.2,0.0,1.0,0.0,0.0,-0.5157106231293968
"Justin Plomann :D,,",-0.3333333333333333,0.0,1.0,0.0,0.0,-0.8574929257125441
"Richard D. Sukhu,,",-0.3333333333333333,0.0,1.0,0.0,0.0,-0.8574929257125441
"Our LoL Playlist! :D  https://open.spotify.com/user/gaming_playlists/playlist/1SWAVKcZDlDGyf3fHXgyt6,,",-0.2,0.0,0.319,0.681,0.75,-0.5157106231293968
"Justin Plomann :D,,",-0.3333333333333333,0.0,1.0,0.0,0.0,-0.8574929257125441
"Richard D. Sukhu,,",-0.3333333333333333,0.0,1.0,0.0,0.0,-0.8574929257125441
"Our LoL Playlist! :D  https://open.spotify.com/user/gaming_playlists/playlist/1SWAVKcZDlDGyf3fHXgyt6,,",-0.2,0.0,0.319,0.681,0.75,-0.5157106231293968
"gwe suka luxnya,,",-0.3333333333333333,0.0,1.0,0.0,0.0,-0.8574929257125441
":D cool!!,,",-0.5,0.0,0.205,0.795,0.5972,-1
"Pierwszy raz nagrywałem Lola, może i za dobry nie byłem, ale dawałem radę ;D A czy ty tez dasz radę zostawić suba na kanale? Raczej tak a więc zachęcam Cię bardzo do kliknięcia tego guzika i dzwoneczka! Miłego dnia ! ;D
https://www.youtube.com/watch?v=YUHPWXYQfRY,,",-0.04878048780487805,0.0,0.826,0.174,0.7306,-0.1259406889748438
"What was that :D,,",-0.25,0.0,1.0,0.0,0.0,-0.6441566264008308
"Fu Wing Ki,,",-0.3333333333333333,0.701,0.299,0.0,-0.6908,-0.8574929257125441
"Vietnamses like :D,,",-0.3333333333333333,0.0,0.444,0.556,0.3612,-0.8574929257125441
"Łukasz to prawie jak my :D,,",-0.16666666666666666,0.0,1.0,0.0,0.0,-0.42993358039234775
"Suka de Moraes,,",-0.3333333333333333,0.0,1.0,0.0,0.0,-0.8574929257125441
"fuk cừn wow shjt,,",-0.25,0.0,0.441,0.559,0.5859,-0.6441566264008308
"Susan ve el final :B,,",-0.2,0.0,1.0,0.0,0.0,-0.5157106231293968
"Sasuke Uchiha pls :D,,",-0.25,0.0,0.698,0.302,0.0772,-0.6441566264008308
"Sasuke-kun? :D,,",-0.5,0.0,1.0,0.0,0.0,-1
"Sasuke Uchiha pls :D,,",-0.25,0.0,0.698,0.302,0.0772,-0.6441566264008308
"Sasuke-kun? :D,,",-0.5,0.0,1.0,0.0,0.0,-1
"please add me to play IMDrako in game :D,,",-0.1111111111111111,0.0,0.598,0.402,0.5719,-0.2867696673382022
"Chadd D. Johnson,,",-0.3333333333333333,0.0,1.0,0.0,0.0,-0.8574929257125441
"Łukasz Daniel wtf,,",-0.3333333333333333,0.0,1.0,0.0,0.0,-0.8574929257125441
"*E DINHEIRO ENTRANDO NO BOLSO E DROGA SAINDO DA SACOLA , A ESCOLA ESPULSA FILHA DA PUTA E O CRIME NOS ADOTA 🎶😎🔞💰*
➖RESENHA DO COXA➖
                     ❌
➖ RESENHA DO JACK ➖
 19/08 #MCFAHAH #MCPKZINHO #MCDIDI #MC RICK🍃 #DJMARCUSVINICIOS #DJPHDASERRA #DJJOAODAINESTAN #DJGUIMARQUES&VITINMPC
#DJJHONATAN #DJNELINHOMP #DJTJ #DJFONSIN,,",-0.022222222222222223,0.128,0.872,0.0,-0.6908,-0.128
"wut the fuk Filip Eriksson,,",-0.2,0.0,1.0,0.0,0.0,-0.5157106231293968
"https://www.youtube.com/watch?v=UeWeJ0TnY78 :D,,",-0.5,0.0,1.0,0.0,0.0,-1
"If u dont ward, u cant get caught :D LIVE SMART,,",-0.09090909090909091,0.252,0.748,0.0,-0.4023,-0.252
"Jens :D,,",-0.5,0.0,1.0,0.0,0.0,-1
"Salut tous le monde, voila je suis nouveau sur YouTube et je fais des vidéos sur League Of Légends, Venez jetez un coup d’œil pour les intéressés puis laissé un commentaire constructif,
Merci et peut être à la prochaine si vous voulez jouer

https://www.youtube.com/channel/UCqpZWvSuIAAjLjnWquuzgNw,,",-0.021739130434782608,0.0,1.0,0.0,0.0,-0.056129309225641036
"https://www.facebook.com/photo.php?fbid=758820427622227&set=p.758820427622227&type=3&theater WTF!!!!!!!!!!!!!,,",-0.5,0.0,1.0,0.0,0.0,-1
"Salut tous le monde, voila je suis nouveau sur YouTube et je fais des vidéos sur League Of Légends, Venez jetez un coup d’œil pour les intéressés puis laissé un commentaire constructif,
Merci et peut être à la prochaine si vous voulez jouer

https://www.youtube.com/channel/UCqpZWvSuIAAjLjnWquuzgNw,,",-0.021739130434782608,0.0,1.0,0.0,0.0,-0.056129309225641036
"https://www.youtube.com/watch?v=wypvrlDTU3Q :D,,",-0.5,0.0,1.0,0.0,0.0,-1
"Salut tous le monde, voila je suis nouveau sur YouTube et je fais des vidéos sur League Of Légends, Venez jetez un coup d’œil pour les intéressés puis laissé un commentaire constructif,
Merci et peut être à la prochaine si vous voulez jouer

https://www.youtube.com/channel/UCqpZWvSuIAAjLjnWquuzgNw,,",-0.021739130434782608,0.0,1.0,0.0,0.0,-0.056129309225641036
"Luka Stjepancevic wtf,,",-0.3333333333333333,0.0,1.0,0.0,0.0,-0.8574929257125441
"https://youtu.be/infTsUbdQB0 simple video but helped me alot :D :D,,",-0.2222222222222222,0.0,0.643,0.357,0.6652,-0.5728331501262047
"Azer ßoukadida :D,,",-0.3333333333333333,0.0,1.0,0.0,0.0,-0.8574929257125441
"Julien :D,,",-0.5,0.0,1.0,0.0,0.0,-1
"Jomher D. Malit,,",-0.3333333333333333,0.0,1.0,0.0,0.0,-0.8574929257125441
"Jonathan D Matal,,",-0.3333333333333333,0.0,1.0,0.0,0.0,-0.8574929257125441
