Message,Abusive_Score,NLTK_Neg,NLTK_Neu,NLTK_Pos,NLTK_Compound,Overall_score
"Yeah worst ultimate skin of this generation, I mean this is more of a legendary than ultimate. You did so well with elementalist lux, wtf happened???",-0.038461538461538464,0.253,0.599,0.148,-0.6703,-0.253
Nice boobs,-0.5,0.0,0.263,0.737,0.4215,-1
Angie Chong boobs goddess miss fortune,-0.16666666666666666,0.242,0.758,0.0,-0.1531,-0.42993358039234775
Boobs overload.,-0.5,0.714,0.286,0.0,-0.3612,-1
Boobs: they can replace personality entirely!,-0.16666666666666666,0.0,1.0,0.0,0.0,-0.42993358039234775
Erm hells yes!,-0.3333333333333333,0.0,0.401,0.599,0.4574,-0.8574929257125441
"i see like,i press boobs",-0.2,0.0,1.0,0.0,0.0,-0.5157106231293968
WTF ! -_-,-1.0,0.804,0.196,0.0,-0.6239,-1
Riot suck my dick,-0.25,0.907,0.093,0.0,-0.8689,-0.907
Stop nerfing Azir u dumb shits,-0.16666666666666666,0.811,0.189,0.0,-0.8225,-0.811
Nikolaos Avramidis wtf xD,-0.25,0.396,0.208,0.396,0.0,-0.6441566264008308
Haha sadly all my Lux supps suck dick like Wood V,-0.09090909090909091,0.462,0.256,0.282,-0.5423,-0.462
Hate those little shits.,-0.25,0.765,0.235,0.0,-0.7584,-0.765
FUK YOU ALL ZOE PLAYERS,-0.2,0.0,1.0,0.0,0.0,-0.5157106231293968
"Bring back Sword of the occult don't be such a pussy rito is a high risk , high reward item",-0.05,0.101,0.721,0.178,0.3818,-0.1290886879311069
Fuk you rito. BUFF GAREN FFS.,-0.16666666666666666,0.432,0.568,0.0,-0.5859,-0.432
Fuk you rito. BUFF GAREN FFS.,-0.16666666666666666,0.432,0.568,0.0,-0.5859,-0.432
Jordan Howard wtf,-0.3333333333333333,0.655,0.345,0.0,-0.5859,-0.8574929257125441
Shes crying because rakan wanted some vastayan pussy and he choose Rengar...,-0.08333333333333333,0.22,0.78,0.0,-0.4767,-0.22
Teemo is the most hated champ every game i play he is banded... man fck you teemo haters lol,-0.05263157894736842,0.263,0.444,0.293,-0.0296,-0.263
Fck,-1.0,0.0,1.0,0.0,0.0,-1
Delete Zoe fuk,-0.3333333333333333,0.0,1.0,0.0,0.0,-0.8574929257125441
Delete Zoe fuk,-0.3333333333333333,0.0,1.0,0.0,0.0,-0.8574929257125441
WHAT A PUSSY,-0.3333333333333333,0.0,1.0,0.0,0.0,-0.8574929257125441
Jai Gordon wtf yas is Asian,-0.16666666666666666,0.432,0.568,0.0,-0.5859,-0.432
"vayne r nerf and ornn Q,W nerf get fukt fuk u riot",-0.08333333333333333,0.286,0.714,0.0,-0.5574,-0.286
FCK,-1.0,0.0,1.0,0.0,0.0,-1
Adam fuk you,-0.3333333333333333,0.0,1.0,0.0,0.0,-0.8574929257125441
MF is rly bad girl i think mf is trans or im idiot :p,-0.07142857142857142,0.354,0.521,0.125,-0.6597,-0.354
RIOT FCK U ! BRAND BUFFED ?! GG,-0.16666666666666666,0.403,0.385,0.212,-0.4559,-0.42993358039234775
Fuk u rito,-0.3333333333333333,0.0,1.0,0.0,0.0,-0.8574929257125441
cock,-1.0,1.0,0.0,0.0,-0.1531,-1
Fuk u rito,-0.3333333333333333,0.0,1.0,0.0,0.0,-0.8574929257125441
Fuk u rito,-0.3333333333333333,0.0,1.0,0.0,0.0,-0.8574929257125441
HE HAS A MASK WE CAN'T EVEN DROWN THE CANCER FCK YOU TITOO,-0.07142857142857142,0.253,0.575,0.172,-0.3404,-0.253
FCK U NAMI,-0.3333333333333333,0.0,1.0,0.0,0.0,-0.8574929257125441
F*ck you teemo,-0.3333333333333333,0.0,1.0,0.0,0.0,-0.8574929257125441
Fuk Darius's,-0.3333333333333333,0.0,1.0,0.0,0.0,-0.8574929257125441
rly fck ur mother owner of league of legends full buggs full crush wake up mother fcker and fix ur game,-0.047619047619047616,0.074,0.926,0.0,-0.1531,-0.12294255990122585
pussy hunter darius,-0.3333333333333333,0.0,1.0,0.0,0.0,-0.8574929257125441
Girls Got Wet Pussy?,-0.25,0.0,1.0,0.0,0.0,-0.6441566264008308
Well imitated cuz she has no boobs,-0.14285714285714285,0.237,0.538,0.226,-0.0258,-0.36860489038724276
Screw you teemo,-0.3333333333333333,0.412,0.588,0.0,-0.1027,-0.8574929257125441
Boy Van Essen here are some eagle and bee sex vibes kek,-0.08333333333333333,0.0,1.0,0.0,0.0,-0.21511595185875906
BREAKING : Cancer character is italian and not jap!,-0.125,0.401,0.599,0.0,-0.69,-0.401
"URF IS SO BAD WE NEED THE NORMAL URF THIS URF SO BAD ONLY 10 CHIMPS !! .,... WTF",-0.058823529411764705,0.455,0.545,0.0,-0.9368,-0.455
Unban my acc u fags,-0.2,0.0,1.0,0.0,0.0,-0.5157106231293968
"Hes got a nice dick, no homo.",-0.14285714285714285,0.487,0.265,0.248,-0.4019,-0.487
"wtf !! https://www.youtube.com/watch?v=xBu1nJZ6hv8&t=3s",-0.5,0.687,0.313,0.0,-0.658,-1
are u idiot riot???you have destroy darius .since you created this champ the obly think that you want to do is to destroy him.you must be more serious,-0.03571428571428571,0.316,0.508,0.176,-0.7585,-0.316
co ty kurwa robisz phrek,-0.2,0.0,0.606,0.394,0.3818,-0.5157106231293968
"wtf !!!https://www.youtube.com/watch?v=19iRsrjyY1E&t=",-0.5,0.7,0.3,0.0,-0.6884,-1
This was oddly touching our community is so great i want to log on right now and play with all the people....*one match later* mother fuckinf toxic community can go str8 to hell,-0.030303030303030304,0.11,0.67,0.22,0.5603,-0.11
FUK VAYNE,-0.5,0.0,1.0,0.0,0.0,-1
Screw this octopus lookin soraka wannabe,-0.16666666666666666,0.219,0.781,0.0,-0.1027,-0.42993358039234775
Banned her in draft just to piss off my midlaner.,-0.1,0.416,0.584,0.0,-0.6908,-0.416
your dick is small,-0.25,0.524,0.476,0.0,-0.5106,-0.6441566264008308
Fuk vayne,-0.5,0.0,1.0,0.0,0.0,-1
Stop the bots u cunts,-0.2,0.753,0.247,0.0,-0.7269,-0.753
u fuk all the game with your stupid patches and upgrades...,-0.09090909090909091,0.274,0.726,0.0,-0.5267,-0.274
Knob,-1.0,0.0,1.0,0.0,0.0,-1
knob,-1.0,0.0,1.0,0.0,0.0,-1
Shits retarded,-0.5,1.0,0.0,0.0,-0.7783,-1
Screw you riot,-0.3333333333333333,0.833,0.167,0.0,-0.6124,-0.8574929257125441
no fuk u,-0.3333333333333333,0.688,0.313,0.0,-0.296,-0.8574929257125441
Fags!!!,-1.0,0.0,1.0,0.0,0.0,-1
riot dont tell me what you add just tell me how to uninstall this crap from my pc!,-0.05555555555555555,0.301,0.699,0.0,-0.784,-0.301
Riot you are so mental so retard  whats that profile boarders u fck face?,-0.14285714285714285,0.43,0.57,0.0,-0.8517,-0.43
Why does she talk like a retard?,-0.14285714285714285,0.343,0.404,0.253,-0.2263,-0.36860489038724276
You nazis.,-0.5,0.0,1.0,0.0,0.0,-1
fuk,-1.0,0.0,1.0,0.0,0.0,-1
Luke wtf,-0.5,0.792,0.208,0.0,-0.5859,-1
WHO THE FUK IS THIS??????,-0.2,0.0,1.0,0.0,0.0,-0.5157106231293968
wtf is this,-0.3333333333333333,0.655,0.345,0.0,-0.5859,-0.8574929257125441
Useles w chuj,-0.3333333333333333,0.0,1.0,0.0,0.0,-0.8574929257125441
Lesssssss gow!!! Talo apekz puta!!!,-0.2,0.0,1.0,0.0,0.0,-0.5157106231293968
KI DERED WTF,-0.3333333333333333,0.655,0.345,0.0,-0.5859,-0.8574929257125441
Wtf,-1.0,1.0,0.0,0.0,-0.5859,-1
Wtf,-1.0,1.0,0.0,0.0,-0.5859,-1
Wtf,-1.0,1.0,0.0,0.0,-0.5859,-1
kids eat crap,-0.3333333333333333,0.565,0.435,0.0,-0.3818,-0.8574929257125441
<3 Jap,-0.5,0.0,0.256,0.744,0.4404,-1
Sebastian Wawerski u fuk,-0.25,0.0,1.0,0.0,0.0,-0.6441566264008308
Nico Man fuk yo,-0.25,0.0,1.0,0.0,0.0,-0.6441566264008308
fuk you teemo,-0.3333333333333333,0.0,1.0,0.0,0.0,-0.8574929257125441
Wat the fcuk,-0.3333333333333333,0.0,1.0,0.0,0.0,-0.8574929257125441
Fuk u rito,-0.3333333333333333,0.0,1.0,0.0,0.0,-0.8574929257125441
Holy fuk,-0.5,0.0,1.0,0.0,0.0,-1
suka,-1.0,0.0,1.0,0.0,0.0,-1
https://youtu.be/L3wkEne6l2w BUT THIS? WTF? :D,-0.2,0.47,0.213,0.317,-0.4871,-0.5157106231293968
Fuk em all Soraka is the cutes one <3,-0.1111111111111111,0.0,0.551,0.449,0.6908,-0.2867696673382022
Guat def fuk,-0.3333333333333333,0.0,1.0,0.0,0.0,-0.8574929257125441
fuk ur mother riots,-0.25,0.524,0.476,0.0,-0.5106,-0.6441566264008308
fuk ur mother riots,-0.25,0.524,0.476,0.0,-0.5106,-0.6441566264008308
Who the fuk is this,-0.2,0.0,1.0,0.0,0.0,-0.5157106231293968
Who the fuk is this,-0.2,0.0,1.0,0.0,0.0,-0.5157106231293968
Erwin Kuk Lol,-0.3333333333333333,0.0,0.417,0.583,0.4215,-0.8574929257125441
Fuk u ill flash,-0.25,0.583,0.417,0.0,-0.4215,-0.6441566264008308
Fuk teemo,-0.5,0.0,1.0,0.0,0.0,-1
Why the fck u buff lux and ekko??,-0.125,0.0,1.0,0.0,0.0,-0.3225806451612903
wow! so sexy https://youtu.be/DmvfbnACMHk,-0.25,0.0,0.204,0.796,0.831,-0.6441566264008308
"more sexy cosplayhttp://t.me/RobotCashBot?start=AwAnaKFT",-0.25,0.0,0.448,0.552,0.5709,-0.6441566264008308
TRISTANA LOOKING HOT AS FUK,-0.2,0.0,1.0,0.0,0.0,-0.5157106231293968
gwe suka luxnya,-0.3333333333333333,0.0,1.0,0.0,0.0,-0.8574929257125441
Suka de Moraes,-0.3333333333333333,0.0,1.0,0.0,0.0,-0.8574929257125441
https://www.facebook.com/photo.php?fbid=758820427622227&set=p.758820427622227&type=3&theater WTF!!!!!!!!!!!!!,-0.5,0.0,1.0,0.0,0.0,-1
Luka Stjepancevic wtf,-0.3333333333333333,0.655,0.345,0.0,-0.5859,-0.8574929257125441
Suka,-1.0,0.0,1.0,0.0,0.0,-1
zed is op animation wtf fuk him,-0.2857142857142857,0.388,0.612,0.0,-0.5859,-0.7357118927777097
"Another Graves nerf? wtf, he was out of solo meta already xD",-0.08333333333333333,0.319,0.479,0.202,-0.296,-0.319
"wantsomefuk",-0.3333333333333333,0.0,0.606,0.394,0.0772,-0.8574929257125441
d fuk?,-0.5,0.0,1.0,0.0,0.0,-1
WTF NERF ILLAOI,-0.3333333333333333,0.655,0.345,0.0,-0.5859,-0.8574929257125441
Fartash Kamali wtf,-0.3333333333333333,0.655,0.345,0.0,-0.5859,-0.8574929257125441
The fuk is this Miro Tukiainen,-0.16666666666666666,0.0,1.0,0.0,0.0,-0.42993358039234775
Seriously?? WTF Lee Sin!,-0.25,0.907,0.093,0.0,-0.8674,-0.907
Holy fuk adc suk.,-0.25,0.0,1.0,0.0,0.0,-0.6441566264008308
Wtf !?! JordanVeret,-0.5,0.687,0.313,0.0,-0.658,-1
kinda fast as fuk boi,-0.2,0.0,1.0,0.0,0.0,-0.5157106231293968
FUK YOU RITO,-0.3333333333333333,0.0,1.0,0.0,0.0,-0.8574929257125441
Fuk u rito,-0.3333333333333333,0.0,1.0,0.0,0.0,-0.8574929257125441
FUK YOU RITO,-0.3333333333333333,0.0,1.0,0.0,0.0,-0.8574929257125441
Fuk u rito,-0.3333333333333333,0.0,1.0,0.0,0.0,-0.8574929257125441
FUK YOU RITO,-0.3333333333333333,0.0,1.0,0.0,0.0,-0.8574929257125441
Fuk u rito,-0.3333333333333333,0.0,1.0,0.0,0.0,-0.8574929257125441
when a pro does it everyone finds it cute and kind of funny but not unskilled but when my adc fails or jungler like that Whole team rages like a mofo,-0.03225806451612903,0.278,0.492,0.23,-0.6306,-0.278
Fuk yeah!,-0.5,0.0,0.286,0.714,0.3595,-1
Wtf OKPAKOSKAPAKSOALPSKAOAKAPSKAOKAPALAOALAPAKAOALAPAKAOKAOAKAPAKAPAOAALKAOALAKAA,-0.5,0.792,0.208,0.0,-0.5859,-1
"Voici le chapitre 14: Lux!http://geekoflegends.unblog.fr/chapitre-14-lux/Je vous pris de m'excuser pour le d̩lai d'attente plus long que la normal. Mais avec les f̻tes et des changements d'ordres personnels, j'ai pris pas mal de retard :/",-0.02857142857142857,0.152,0.848,0.0,-0.7263,-0.152
fuk u zigs,-0.3333333333333333,0.0,1.0,0.0,0.0,-0.8574929257125441
Daniel Forgie fuk yes,-0.25,0.0,0.526,0.474,0.4019,-0.6441566264008308
fuk u fuk u fuk u fuk fuk u diana is ten times weaker than yasuo go fukurself script writers,-0.25,0.162,0.838,0.0,-0.4404,-0.6441566264008308
Daiseree fuk,-0.5,0.0,1.0,0.0,0.0,-1
fuk u My Reaper,-0.25,0.0,1.0,0.0,0.0,-0.6441566264008308
>FUK YES,-0.5,0.0,0.27,0.73,0.4019,-1
Suka xd,-0.5,0.0,0.208,0.792,0.5859,-1
LoL so imbalanced. Fuk dis.,-0.2,0.0,0.588,0.412,0.4215,-0.5157106231293968
Ho Lee Fuk!,-0.3333333333333333,0.0,1.0,0.0,0.0,-0.8574929257125441
Fuk Darius's,-0.3333333333333333,0.0,1.0,0.0,0.0,-0.8574929257125441
rly fck ur mother owner of league of legends full buggs full crush wake up mother fcker and fix ur game,-0.047619047619047616,0.074,0.926,0.0,-0.1531,-0.12294255990122585
pussy hunter darius,-0.3333333333333333,0.0,1.0,0.0,0.0,-0.8574929257125441
fuk teemo,-0.5,0.0,1.0,0.0,0.0,-1
FUK U TEEMO,-0.3333333333333333,0.0,1.0,0.0,0.0,-0.8574929257125441
Wut da fuk rito plz dun nerf mah bae,-0.1111111111111111,0.0,0.86,0.14,0.0772,-0.2867696673382022
Fuk teemo,-0.5,0.0,1.0,0.0,0.0,-1
the art say LOOK AT THE TITS,-0.14285714285714285,0.241,0.759,0.0,-0.2263,-0.36860489038724276
help me piss off my bronze friend  who mains teemo support https://www.facebook.com/photo.php?fbid=1744087705914472&set=a.1657600441229866.1073741828.100009397796794&type=3&theater,-0.08333333333333333,0.14,0.415,0.446,0.7096,-0.21511595185875906
https://www.youtube.com/watch?v=hAhe4eF0n9I wtf grippex is back,-0.2,0.487,0.513,0.0,-0.5859,-0.5157106231293968
Sino po girl gamer dito ako po girl gamer pede po ba makipag duo sa rank add me po ang name po ng acc ko (sas) yAn po paki add nalang po at paki invite po.,-0.05555555555555555,0.502,0.47,0.028,-0.9821,-0.502
Fuk lux . ap malphite op,-0.2,0.0,1.0,0.0,0.0,-0.5157106231293968
so teemo can masturbate with a mushroom but cassio can't have boots,-0.07692307692307693,0.0,1.0,0.0,0.0,-0.19857536769738443
when the hell this skin will be avaiable???  I Need it! http://giphy.com/gifs/l0MYPytd9Ighch7jO,-0.08333333333333333,0.352,0.648,0.0,-0.753,-0.352
FUK OFF RITO,-0.3333333333333333,0.0,1.0,0.0,0.0,-0.8574929257125441
Laggy as fuk,-0.3333333333333333,0.0,1.0,0.0,0.0,-0.8574929257125441
fuk ur new upDATE FUKING COCK SUKERS,-0.2857142857142857,0.537,0.463,0.0,-0.7003,-0.7357118927777097
"Hey rito wtf is going on with the fix ?? i was gold 3 before start this kind of ranked and after placement i got silver 4  and ok no problem then u say you fix it and then i play the ranked for new placement , WIN and get Silver 5 ??? are you trolling us or wtf ? my Account name is Ergecko you can check if u want",-0.029850746268656716,0.177,0.696,0.127,-0.6966,-0.177
Miranda He wtf,-0.3333333333333333,0.655,0.345,0.0,-0.5859,-0.8574929257125441
FUK RITO,-0.5,0.0,1.0,0.0,0.0,-1
Fuk you Rito !,-0.3333333333333333,0.0,1.0,0.0,0.0,-0.8574929257125441
"WTF this burst damage vaynehttps://www.youtube.com/watch?v=aQBrfAFqEys",-0.16666666666666666,0.636,0.364,0.0,-0.7906,-0.636
JEBEM LI VAM MAJKU U PICKU I ZIVOT I SVE DABOGDA CRKLI STAVITE ME U PROMOCIJAMA SA DEBILOM FUK YOU FUK UOU FUK YOU DABGDA CRKLI DABOGDA BILI DEAD MAJMUNI GLUPI DODJE RIVEN MAIN NAFIDA LIVA U 10 MIN KANCERI JEDNI I HOPE YOY WILL DIE MRS U PICKU MATERINU CRKNITE BRE NEKA VAS TEEMO ZAPALI SISE JEDNE NISAM ISAO SA NEVENOM DA SE VIDIM BILA U HELANKAMA BRE JEBEM VAM MATER I GOLD I SVE MOLIO SE POLA SATA DONEO IKONE BRE NISAM ISAO NAPOLJE SA NEVENOM BRE ALOOO JOS U HELANKAMA DEBILI RIOTE FUK YOY I HOPE U WILL DIE MRS BRE,-0.038461538461538464,0.116,0.828,0.056,-0.8074,-0.116
"Click the link and like for good grades pls.   https://www.facebook.com/khylla000/videos/10206025894881506/ Paki like share og view pls para sa grad",-0.05263157894736842,0.0,0.506,0.494,0.8658,-0.13588160629966098
Fu ck skt fuc k korea,-0.3333333333333333,0.54,0.46,0.0,-0.6908,-0.8574929257125441
The fuk?,-0.5,0.0,1.0,0.0,0.0,-1
Jordan o fuk,-0.3333333333333333,0.0,1.0,0.0,0.0,-0.8574929257125441
fuk teemo,-0.5,0.0,1.0,0.0,0.0,-1
fuk yessss,-0.5,0.0,1.0,0.0,0.0,-1
Da fuk is this?,-0.25,0.0,1.0,0.0,0.0,-0.6441566264008308
HOLY FUK OMG OP,-0.25,0.0,1.0,0.0,0.0,-0.6441566264008308
Rekt Justine Vernard Ignacio  Hello Hell!!,-0.16666666666666666,0.509,0.491,0.0,-0.7339,-0.509
holy fuk,-0.5,0.0,1.0,0.0,0.0,-1
BRAZIL > CHINA WTF ?,-0.3333333333333333,0.655,0.345,0.0,-0.5859,-0.8574929257125441
saya suka,-0.5,0.0,1.0,0.0,0.0,-1
WHO THE FUK IS THIS ?,-0.2,0.0,1.0,0.0,0.0,-0.5157106231293968
fuk u we want urf back,-0.16666666666666666,0.0,0.755,0.245,0.0772,-0.42993358039234775
Jordan War Goon wtf lol,-0.2,0.616,0.16,0.224,-0.7096,-0.616
Fuk riot,-0.5,0.783,0.217,0.0,-0.5574,-1
Fuk riot,-0.5,0.783,0.217,0.0,-0.5574,-1
Fuk yasuo,-0.5,0.0,1.0,0.0,0.0,-1
"All silver players add me to escape from hell ,or just carry me. Ign lordofthemidlane",-0.06666666666666667,0.238,0.674,0.088,-0.5994,-0.238
Fuk me thats good,-0.25,0.0,0.508,0.492,0.4404,-0.6441566264008308
Fuk that shiit,-0.3333333333333333,0.0,1.0,0.0,0.0,-0.8574929257125441
Fuk u timo,-0.3333333333333333,0.0,1.0,0.0,0.0,-0.8574929257125441
Get yourself out of Elo hell with this great strategy guide; Win More-Lose Less. http://98f80cn90b318s5k3hhpxdoy07.hop.clickbank.net/,-0.06666666666666667,0.188,0.49,0.322,0.5106,-0.188
FUK TEEMO,-0.5,0.0,1.0,0.0,0.0,-1
I wanna fuk her,-0.2,0.0,1.0,0.0,0.0,-0.5157106231293968
WTF Korea?,-0.5,0.792,0.208,0.0,-0.5859,-1
Fuk hhhh,-0.5,0.0,1.0,0.0,0.0,-1
On point as fuk,-0.25,0.0,1.0,0.0,0.0,-0.6441566264008308
Fuk oofff!!!!,-0.5,0.0,1.0,0.0,0.0,-1
wtf HUSAUHSUHAHUSAHU,-0.5,0.792,0.208,0.0,-0.5859,-1
Luka wtf,-0.5,0.792,0.208,0.0,-0.5859,-1
Samir the fuk,-0.3333333333333333,0.0,1.0,0.0,0.0,-0.8574929257125441
"https://www.youtube.com/watch?v=93n2yrr5hxoWTF he hack so goood watch",-0.14285714285714285,0.388,0.612,0.0,-0.5859,-0.388
"https://www.youtube.com/watch?v=93n2yrr5hxoWTF he hack so goood watch",-0.14285714285714285,0.388,0.612,0.0,-0.5859,-0.388
RUMBLE?! DA FUK '-',-0.3333333333333333,0.0,1.0,0.0,0.0,-0.8574929257125441
