Message,Abusive_Score,NLTK_Neg,NLTK_Neu,NLTK_Pos,NLTK_Compound,Overall_score
"Screw the pens. there’s only one real black & gold team. Get your own colors,",-0.0625,0.097,0.903,0.0,-0.1027,-0.16135329791560707
"Cant wait for the national commentators to suck crosbys dick the entire night.,",-0.07692307692307693,0.36,0.64,0.0,-0.7351,-0.36
"Crosby suck dick!!!,",-0.3333333333333333,0.654,0.346,0.0,-0.5826,-0.8574929257125441
"Yo wtf is a frostie? This ain't Wendy's baby,",-0.09090909090909091,0.352,0.648,0.0,-0.5859,-0.352
"How the hell is this even a debate?,",-0.125,0.434,0.566,0.0,-0.6808,-0.434
"I would take Seguin. Straight to Hell. Which is where he belongs fro playing on the dirtiest team in the NHL.,",-0.047619047619047616,0.289,0.578,0.134,-0.743,-0.289
"Baruch Bajcz check out the old CO, shits crazy.,",-0.1111111111111111,0.279,0.721,0.0,-0.4767,-0.28676966733820225
"Little ball of masterbate,",-0.25,0.0,1.0,0.0,0.0,-0.6441566264008308
"Nolan Schaffer,",-0.5,0.0,1.0,0.0,0.0,-1
"Fu jimmy 🖕,",-0.3333333333333333,0.701,0.299,0.0,-0.6908,-0.8574929257125441
"Everytime I have to poop, I am forever referring to it as ""dropping a crosby"",",-0.06666666666666667,0.0,1.0,0.0,0.0,-0.17210709770537855
"Goalies in slow motion are sexy! 😍,",-0.14285714285714285,0.0,0.619,0.381,0.5707,-0.36860489038724276
"Fck all you haters. What a top notch hockey blood line. Absolutely a fan of these guys.,",-0.058823529411764705,0.163,0.612,0.224,0.0498,-0.163
"David Tomich wtf lol,",-0.25,0.442,0.233,0.326,-0.25,-0.6441566264008308
"Stop hating on Ovechkin...he’s a hell of a goal scorer and plays a more compete game than he used to. Any one of you would love to have him on your team...unless you’re a moron. I used to talk smack about him because he was a defensive liability, but he’s a special talent. Acknowledge that and move on,",-0.015625,0.158,0.646,0.195,0.5187,-0.158
"You are not an example for the young women that the Canadian women are.  Your pictures of nudity on the ice is absurd porn.  Your disgusting Olympians.  Shame on you!,",-0.03333333333333333,0.195,0.805,0.0,-0.7777,-0.195
"Kira Kuntz,",-0.5,0.0,1.0,0.0,0.0,-1
"Get off his lil dick,",-0.2,0.452,0.548,0.0,-0.5106,-0.5157106231293968
"come on boys you're screwing up the tank,",-0.1111111111111111,0.213,0.787,0.0,-0.2263,-0.28676966733820225
"Guy is a dick that's why he got traded. Locker room cancer,",-0.07692307692307693,0.461,0.539,0.0,-0.8271,-0.461
"What the hell am I suppose to do right this crap. Put it on top of the tv? Lame.,",-0.10526315789473684,0.311,0.615,0.074,-0.7783,-0.311
"Alex Boulay wtf,",-0.3333333333333333,0.655,0.345,0.0,-0.5859,-0.8574929257125441
"Big Dick Rick!!!,",-0.3333333333333333,0.676,0.324,0.0,-0.6341,-0.8574929257125441
"Vojtěch Matyáš cum jak pri tretim golu narval obe tycky.,",-0.1,0.0,1.0,0.0,0.0,-0.25811286645983367
"Hell yeah!! 😍,",-0.3333333333333333,0.618,0.119,0.262,-0.6103,-0.8574929257125441
"Hell yeah, go Wild!!,",-0.25,0.552,0.213,0.234,-0.6103,-0.6441566264008308
"Alexis Authier Marc-Antoine Godbout wtf cest quoi sa,",-0.125,0.352,0.648,0.0,-0.5859,-0.352
"Wilson is a dick,",-0.25,0.623,0.377,0.0,-0.5106,-0.6441566264008308
"He’s still a dick,",-0.16666666666666666,0.623,0.377,0.0,-0.5106,-0.623
"Hell ya,",-0.5,0.821,0.179,0.0,-0.6808,-1
"Hell yeah , let’s go boys! 🤘🏼,",-0.125,0.441,0.361,0.198,-0.5707,-0.441
"Jamie Sinclair  wtf 😲,",-0.25,0.559,0.441,0.0,-0.5859,-0.6441566264008308
"that was a beauty honestly. hell of a game though! GKG,",-0.09090909090909091,0.26,0.339,0.401,0.3595,-0.26
"All these idiot band wagon fans just jealous he's not on their team so they resort to bashing him. Stay classy,",-0.045454545454545456,0.232,0.662,0.107,-0.5267,-0.232
"Where the hell is his arm?,",-0.16666666666666666,0.479,0.521,0.0,-0.6808,-0.479
"Wtf Jack Hawkins,",-0.3333333333333333,0.655,0.345,0.0,-0.5859,-0.8574929257125441
"Fu k off,",-0.3333333333333333,0.825,0.175,0.0,-0.6908,-0.8574929257125441
"Nico Mäki paska,",-0.3333333333333333,0.0,1.0,0.0,0.0,-0.8574929257125441
"Horn makes my dick hard everytime,",-0.16666666666666666,0.54,0.46,0.0,-0.5719,-0.54
"Fck Rick Nash he is nothing but a mirage when he is on the ice,",-0.06666666666666667,0.0,1.0,0.0,0.0,-0.17210709770537855
"I remember back in 2012 when the Golden Knights missed the playoffs for the 5th consecutive year, thinking how in the hell will they ever be a dominate team again. Well, I’m glad their reconstruction went perfectly well and how they are at the top of NHL like in 2007. Kudos Las Vegas👏🏼👏🏼👏🏼,",-0.01818181818181818,0.122,0.6,0.278,0.8658,-0.122
"What the hell happened to Jake Allen?,",-0.14285714285714285,0.434,0.566,0.0,-0.6808,-0.434
"Hell of a goalie. Mad respect.,",-0.16666666666666666,0.722,0.278,0.0,-0.8316,-0.722
"Stupid Canadian needs to shut the hell up,",-0.125,0.571,0.429,0.0,-0.8402,-0.571
"Gabriel Gervais queer since day 1,",-0.16666666666666666,0.0,1.0,0.0,0.0,-0.42993358039234775
"I'm just glad Gary Bettman wasn't able to screw over the US Women's hockey team too.,",-0.05263157894736842,0.0,0.765,0.235,0.51,-0.13588160629966098
"They hate us cuz they anus!,",-0.16666666666666666,0.444,0.556,0.0,-0.6114,-0.444
"Taylor Panchuk Kurtis Panchuk man kucherov is a dick,",-0.1111111111111111,0.32,0.68,0.0,-0.5106,-0.32
"Dick move. Shoot the puck woman. If I was Holtby there'd have been fisticuffs.,",-0.06666666666666667,0.341,0.659,0.0,-0.6908,-0.341
"Johnny Graman Shits dirty,",-0.25,0.75,0.25,0.0,-0.7184,-0.75
"Louis Stever wtf black magic,",-0.2,0.487,0.513,0.0,-0.5859,-0.5157106231293968
"Where the hell is Helle's save?,",-0.14285714285714285,0.479,0.521,0.0,-0.6808,-0.479
"Getting old with the moral superiority crap in sports. This post implies that if you don't stand for THEIR version of what should happen you are against them. Murder is wrong and most of us know that.,",-0.02631578947368421,0.227,0.721,0.052,-0.8402,-0.227
"Such a great game. Both teams played hard. Happy to see Lu’s chemistry continued strong with the team. Satiri is crucial and we gotta keep building him as our starter. Matheson...you’re becoming a hell of a player! 6 points to the playoffs! Love the improvement. 🙂,",-0.0196078431372549,0.098,0.555,0.347,0.9458,-0.098
"Except your package is so poor and the games run so slow it's unwatchable.  I unsubscribe again this year.  I'm not paying 130 bucks for crap that doesn't work.,",-0.03125,0.202,0.798,0.0,-0.7644,-0.202
"So, every out of market game available is not accurate.  Trying to watch the Kings/Sabres game and I live in Texas.  It’s not nationally televised in my area, so why are you blacking it out?  I already have anxiety and anger issues due to the poor crap that Buffalo is providing me this year for hockey, but at least let me watch them lose on TV since i paid for the premier package!!,",-0.013333333333333334,0.152,0.848,0.0,-0.8652,-0.152
"Hell yeah! Great win Flyers!,",-0.2,0.282,0.061,0.656,0.7256,-0.5157106231293968
"Screw all this PG/ AA NHL crap. It's pathetic.,",-0.2,0.364,0.636,0.0,-0.4588,-0.5157106231293968
"It’s upsetting when my son, an avid hockey fan placed an order for a $100 shirt for an adversary team because they didn’t have the size he thought he needed for his team, ordered the wrong size and returned and you refuse to give his money back. It’s disheartening when a giant money maker pulls crap like this. His email said the product was customized, which it wasn’t or damaged which I assure you it wasn’t because I packaged and sent back myself. Way to go NHL.  That’s what hockey fan means to me. Same as it does to the nhl,",-0.008849557522123894,0.161,0.738,0.102,-0.7783,-0.161
"Sexy bruins,",-0.5,0.0,0.227,0.773,0.5267,-1
"Raise your hand if you think this guy's an idiot and dirty player.,",-0.07142857142857142,0.32,0.515,0.165,-0.4588,-0.32
"Who cares he's a dick,",-0.16666666666666666,0.398,0.241,0.361,-0.0772,-0.42993358039234775
"Fanny PG,",-0.5,0.0,1.0,0.0,0.0,-1
"Michael Noel beau p’tit jeu de passe!,",-0.1111111111111111,0.0,1.0,0.0,0.0,-0.28676966733820225
"OK so if it's ""For everyone "" then why are you making it a fu#kin issue??!! Special promotions of it being for every Tom, Dick and Mustafa??.jeez,",-0.037037037037037035,0.104,0.693,0.203,0.4843,-0.104
"disgusting! holy hell,",-0.3333333333333333,0.892,0.108,0.0,-0.8516,-0.892
"And we almost didn’t sign him

Wtf,",-0.1111111111111111,0.388,0.612,0.0,-0.5859,-0.388
"Hell yeah Panthers! (y),",-0.25,0.538,0.22,0.242,-0.5707,-0.6441566264008308
"One of NHL's top hockey dad's? Wtf does that even mean?,",-0.07692307692307693,0.278,0.602,0.12,-0.5204,-0.278
"Hell yea he gets my vote ...1st class all star ...#16 barf,",-0.08333333333333333,0.295,0.705,0.0,-0.6808,-0.295
"Mackenzie Petch yo wtf this guy looks like you,",-0.1111111111111111,0.286,0.526,0.188,-0.3182,-0.28676966733820225
"Frédéric Sauvé wtf,",-0.3333333333333333,0.655,0.345,0.0,-0.5859,-0.8574929257125441
"People, he has had 2 great seasons in his NHL career, stop riding his dick for that! He is not the best goalie in the NHL and he definitely isn't worth an All-star spot this year.,",-0.02702702702702703,0.232,0.622,0.146,-0.4635,-0.232
"Wtf are those jerseys...?,",-0.25,0.559,0.441,0.0,-0.5859,-0.6441566264008308
"Screw the all star game, keep the season rolling.,",-0.1111111111111111,0.149,0.851,0.0,-0.1027,-0.28676966733820225
"Mitch Dyke,",-0.5,0.0,1.0,0.0,0.0,-1
"You dumb as hell Jake Heller,",-0.16666666666666666,0.664,0.336,0.0,-0.836,-0.664
"wtf am i watching,",-0.25,0.655,0.345,0.0,-0.5859,-0.655
"Queer,",-1.0,0.0,1.0,0.0,0.0,-1
"Who does trudeau play for wtf,",-0.16666666666666666,0.373,0.392,0.235,-0.34,-0.42993358039234775
"Ekblad needs to be benched. Fking lazy asswipe,",-0.125,0.263,0.737,0.0,-0.3612,-0.3225806451612903
"Enough posting about this arrogant POS already! Sure as hell hope he doesn't make it there!,",-0.058823529411764705,0.342,0.459,0.199,-0.6941,-0.342
"an idiot,",-0.5,0.767,0.233,0.0,-0.5106,-1
"BIG HELL NO MAYBE A ALL STAR GAME BUT YOU ONLY VOTE FOR TEAM PLAYERS NOT OVERRATED PLAYERS,",-0.05555555555555555,0.227,0.773,0.0,-0.5267,-0.227
"Olivier Aubert-Parzanese Lol check le numéro 3 présenté comme raison AllStar, wtf.,",-0.08333333333333333,0.0,0.781,0.219,0.4215,-0.21511595185875906
"I loathe the flames (as a Nucks fan) yet this guy definitely deserves and would get my vote. The one thing I don't understand is.....is how the hell does Boeser not get a nomination?!? 😡,",-0.027777777777777776,0.216,0.715,0.069,-0.7752,-0.216
"Cory Woods should have taken the trade idiot,",-0.125,0.32,0.68,0.0,-0.5106,-0.3225806451612903
"Mary Lonigro wtf?!?! 😡😡,",-0.25,0.613,0.387,0.0,-0.695,-0.6441566264008308
"That was crap by every player on the ice for the New York Rangers,",-0.07142857142857142,0.167,0.833,0.0,-0.3818,-0.18439642112147223
"Scott Dick,",-0.5,0.767,0.233,0.0,-0.5106,-1
"Dear NHL: Hello, I am a new fan. I want a sport I can enjoy without politics screwing it up and without pissing me off by not standing for the anthem which to me is not standing for our veterans. Free speech is NOT free. I hope you and I will have a long lasting relationship and that you will not shove your politics down my throat and that your players who get paid well will stand for the anthem and never disrespect the men and women who gave us and give us our freedom. As a new fan, I don't know squat about hockey, but hope to learn soon. This is going to be a fun journey for me, don't ruin it with politics. Working class people NEED somewhere to go for sports and entertainment without being ridiculed for who we vote for or for being patriotic. God bless the USA and let's play!,",-0.006329113924050633,0.028,0.726,0.245,0.9835,-0.028
"Ehem. It’s Broad Ave. 🙂  but for real though are we sure those locker rooms are ours? Cause holy crap they look so much better.,",-0.037037037037037035,0.116,0.784,0.101,-0.1154,-0.116
"Bobrovsky, you sexy beast!! What was Philly thinking trading him?,",-0.1,0.0,0.693,0.307,0.6103,-0.25811286645983367
"This is soooooo stupid lol.  Idiots haven't a clue wtf is going on 😂😂😂,",-0.06666666666666667,0.176,0.519,0.305,0.3553,-0.176
"Hell yes! Let's go Stars!!,",-0.16666666666666666,0.49,0.268,0.242,-0.5826,-0.49
"Too bad he plays for a crap team!! Go Bruins!!,",-0.1,0.476,0.393,0.131,-0.7405,-0.476
"Screw you Dan Jets will be in the playoffs!,",-0.1111111111111111,0.175,0.825,0.0,-0.1759,-0.28676966733820225
"hell yeah,",-0.5,0.676,0.0,0.324,-0.5267,-1
"Idk I feel Vegas will be top 4 in the division and maybe make the first round. It's not the 60s anymore. They have big talent in that team and honestly I hope this new team makes the playoffs because that makes me want to take leave and to watch a kings and nights game. Honestly that'll make a hell of a rivalry.,",-0.015384615384615385,0.103,0.686,0.211,0.765,-0.103
"Eat a dick NHL,",-0.25,0.623,0.377,0.0,-0.5106,-0.6441566264008308
"Not a sexy team...? Did anyone else catch that??,",-0.1111111111111111,0.321,0.679,0.0,-0.5132,-0.321
"Old time hockey.  Toe Blake, Eddie Clapper, Dick Shore.  Coach, our line starts?,",-0.07692307692307693,0.216,0.784,0.0,-0.5106,-0.216
"WTF is this a bj post or a leaf post?,",-0.1,0.352,0.648,0.0,-0.5859,-0.352
"Hell no,",-0.5,1.0,0.0,0.0,-0.7783,-1
"hell to the no!  unproven!,",-0.2,0.711,0.289,0.0,-0.8118,-0.711
"On the basis of one season? hell no.,",-0.125,0.397,0.603,0.0,-0.6808,-0.397
"All this Sid dick sucking is making me chaff,",-0.1111111111111111,0.292,0.708,0.0,-0.5106,-0.292
"Dan rosen is an fat idiot.,",-0.16666666666666666,0.0,1.0,0.0,0.0,-0.42993358039234775
"Emma Jane Beachill xxx,",-0.25,0.0,1.0,0.0,0.0,-0.6441566264008308
"Wtf. Where's Rinne!?,",-0.25,0.672,0.328,0.0,-0.6239,-0.672
"This kid has a HELL of a shot Matt Fainer,",-0.1,0.397,0.603,0.0,-0.6808,-0.397
"Jessica Setliff Rosewell please show rosey.... Hell know...,",-0.125,0.357,0.465,0.178,-0.5106,-0.357
"Hey Jim screw you, senators and preds next year,",-0.1111111111111111,0.149,0.851,0.0,-0.1027,-0.28676966733820225
"WTF PENGUIN,",-0.5,0.792,0.208,0.0,-0.5859,-1
"Crap no Hockey till October.,",-0.2,0.615,0.385,0.0,-0.5859,-0.615
"Rick is a dick!,",-0.25,0.0,1.0,0.0,0.0,-0.6441566264008308
"Screw Nashville,",-0.5,0.583,0.417,0.0,-0.1027,-1
"Subban gets away with a lot of cheap crap, quit crying crashville,",-0.08333333333333333,0.388,0.612,0.0,-0.6908,-0.388
"Nashville, get your crap together!  Shoot,shoot,shoot !!! Go Preds !!!!!,",-0.125,0.295,0.705,0.0,-0.5815,-0.3225806451612903
"Hows that bench seat pecker?,",-0.2,0.0,1.0,0.0,0.0,-0.5157106231293968
"Woooww 9 wtf Elie Amar,",-0.2,0.559,0.441,0.0,-0.5859,-0.559
"Eat a dick nashville,",-0.25,0.623,0.377,0.0,-0.5106,-0.6441566264008308
"Nashville suck dick,",-0.3333333333333333,0.861,0.139,0.0,-0.7351,-0.861
"Screw Pittsburg!,",-0.5,0.629,0.371,0.0,-0.1759,-1
"11 pull ups wtf lol,",-0.2,0.396,0.313,0.292,-0.25,-0.5157106231293968
"Wtf does this have to do with the Penguins?? You fans are so full of yourselves, it's too funny😂😂😂😂,",-0.05,0.188,0.812,0.0,-0.6322,-0.188
"Pen suck a moose dick,",-0.2,0.756,0.244,0.0,-0.7351,-0.756
"Andy copson = idiot,",-0.3333333333333333,0.623,0.377,0.0,-0.5106,-0.8574929257125441
"1980s lesbian porn,",-0.6666666666666666,0.0,1.0,0.0,0.0,-1
"Dick,",-1.0,1.0,0.0,0.0,-0.5106,-1
"Screw you guys,",-0.3333333333333333,0.412,0.588,0.0,-0.1027,-0.8574929257125441
"screw Pittsburgh,",-0.5,0.583,0.417,0.0,-0.1027,-1
"They touched it? Why? What the hell?,",-0.14285714285714285,0.0,1.0,0.0,0.0,-0.36860489038724276
"Hell of a game. Should be a great Final. Go Preds,",-0.09090909090909091,0.293,0.446,0.261,-0.128,-0.293
"In. Fu#$ Montreal!,",-0.3333333333333333,0.0,1.0,0.0,0.0,-0.8574929257125441
"That injury for the record was a torn scrotum from a spear. If I remember correctly.,",-0.0625,0.304,0.696,0.0,-0.5859,-0.304
"The bruins are choking themselves... wtf,",-0.16666666666666666,0.63,0.37,0.0,-0.7783,-0.63
"Does the NHL have a the pens and cocks on speed dial!! Like go find another dick to suck😂😂😂,",-0.10526315789473684,0.174,0.715,0.112,-0.3365,-0.27168797708477194
"Hell of a goal,",-0.25,0.697,0.303,0.0,-0.6808,-0.697
"Wasn't he from Hell's Kitchen?,",-0.14285714285714285,0.0,1.0,0.0,0.0,-0.36860489038724276
"Wtf Jordan Evans,",-0.3333333333333333,0.655,0.345,0.0,-0.5859,-0.8574929257125441
"How the hell did the Blackhawks lose to the Dead Wings?,",-0.09090909090909091,0.592,0.408,0.0,-0.9118,-0.592
"One of three members of ""The Kraut Line"", he was a tough skilled player.,",-0.07142857142857142,0.111,0.889,0.0,-0.128,-0.18439642112147223
"Never realized that he pulled his one and only Hart Trophy 15 years into his career. Hell of an achievement.,",-0.05,0.195,0.805,0.0,-0.6808,-0.195
