Message,Abusive_Score,NLTK_Neg,NLTK_Neu,NLTK_Pos,NLTK_Compound,Overall_score
"Already downloading =D,",-0.3333333333333333,0.0,1.0,0.0,0.0,-0.8574929257125441
"Just bought, along with Age of Mythology :D :D,",-0.2222222222222222,0.0,0.708,0.292,0.5106,-0.5728331501262047
"Christophe Roy it's time to kick some ass,",-0.1111111111111111,0.333,0.667,0.0,-0.5423,-0.333
"This game was bad ass.  Love the story.,",-0.125,0.0,0.4,0.6,0.7579,-0.3225806451612903
"this game is so utterly garbage. fucking lol,",-0.125,0.0,0.676,0.324,0.5198,-0.3225806451612903
"But does the bitch work? Cause that demo was crash-city for days,",-0.08333333333333333,0.321,0.679,0.0,-0.7351,-0.321
"Aníbal Méndez y Armando Garza, creo que aquí les hablan :D,",-0.09090909090909091,0.0,1.0,0.0,0.0,-0.23466162723196604
"8march go sale :D,",-0.25,0.0,1.0,0.0,0.0,-0.6441566264008308
"Hey Gabe Newell stop Say fucking lies n' do HL3 >:v,",-0.09090909090909091,0.37,0.63,0.0,-0.6478,-0.37
"Just bought it cant wait to play it!! :D cant seem to find anything about online gameplay tho.. would love doing a lil pvp on flight/race games like these!!,",-0.034482758620689655,0.055,0.645,0.3,0.8788,-0.08903057122447032
"Steam, when I download game, can you not fuckin update steam, and not fuckin close game download and not fuckin close fuckin steam and fuckin notify about it and can u fuckin reopen steam and can u fuckin start download again, ok gays ? fckin steam,",-0.17777777777777778,0.0,0.949,0.051,0.296,-0.4585374343837512
"Das gay.,",-0.5,0.0,1.0,0.0,0.0,-1
"Lol coincidence. I just asked for a refund. Half the time the AI just stand about and are useless and i saw one molotov itself when standing next to a wall and someone yelled on the other side. It was indoors and on the 2nd floor... Mechanics in general are just crap and yes its a game but out of all the games ive played in my life and my steam library which is over 700 games and 40% played its the worst game ive played that isnt early access.,",-0.011111111111111112,0.094,0.775,0.131,0.4019,-0.094
"you couldn't pay me to play this :D,",-0.1111111111111111,0.0,0.619,0.381,0.4011,-0.2867696673382022
"IT WOULD BE NICE IF I COULD SIGN INTO MY ACCOUNT. ...YES.... ACCOUNT NAME AND PASSWORD HAVE BEEN VERIFIED.... YES.... EMAIL HAS BEEN VERIFIED.... WHAT GIVES ? some crap about I have to purchase at least 5 dollars (US) but am unable to do anything. I have even received the ""CODE"" to do whatever it is it does... yet, when I sign in (correctly) it says it is wrong.,",-0.014705882352941176,0.028,0.943,0.029,0.0258,-0.03797015124587442
"Fucking terrible game.,",-0.3333333333333333,0.629,0.371,0.0,-0.5256,-0.8574929257125441
"you insist that your publications cant b accessible from Brazil... im gonna download illigally your publications,",-0.058823529411764705,0.0,1.0,0.0,0.0,-0.15186418480769676
"It certainly is not crap, best COD for years. Shame the DLC keeps crashing my system :-(,",-0.0625,0.269,0.54,0.191,-0.4374,-0.269
"Crap.,",-1.0,0.0,1.0,0.0,0.0,-1
"Boring piece of wank.,",-0.25,0.434,0.566,0.0,-0.3182,-0.6441566264008308
"Oh hey, it's the game that had me lose faith in the indie genre for a long time. Man this game was ass.,",-0.041666666666666664,0.106,0.784,0.11,0.0258,-0.10757664540779643
"hijos de puta quitenme el ban :(,",-0.16666666666666666,0.375,0.625,0.0,-0.5574,-0.42993358039234775
"It has been fucking available, dumbasses,",-0.16666666666666666,0.0,1.0,0.0,0.0,-0.42993358039234775
"Laughable as hell. All the titles there or lets say, MOST of them are titles that were either badly ported, or games fucked up by the ""best"" anti-piracy product, Denuvo.

Thank God I'm done with PC gaming or done with gaming for all that matter. The video game industry is a joke these days.,",-0.01818181818181818,0.183,0.68,0.137,-0.7906,-0.183
"SE's games are crap. they need to be reduced another 80%,",-0.08333333333333333,0.206,0.794,0.0,-0.3818,-0.21511595185875906
"Already have eveything I want from SE. Most on sale is still overpriced crap imho.,",-0.06666666666666667,0.164,0.755,0.082,-0.3182,-0.17210709770537852
"you still let quiters play dota. Welldone Steam. that's fucking smart !!!,",-0.08333333333333333,0.0,0.615,0.385,0.7406,-0.21511595185875906
"fix your fuckin browser chat bullshit steam,",-0.14285714285714285,0.388,0.612,0.0,-0.5859,-0.388
"Edit: Game is now playable for preorders. Have fun and slay away, happy to play with anyone!

For the record, beta is currently closed; it was available until yesterday. It was fun as hell, just don't want anyone thinking if they preorder now they can play right away.,",-0.02040816326530612,0.094,0.659,0.247,0.8615,-0.094
"You bastards. IT'S BEEN AVAILABLE FOR PRE-ORDER. Got me all exciting thinking they were going to release it early.,",-0.05,0.165,0.702,0.132,-0.2023,-0.165
"Someone can gift it to me and I'll at least try it :p
I do really love the series, even after this last season coming up a bit short, but that's 2017 in a fuckin nutshell.,",-0.02631578947368421,0.0,0.824,0.176,0.6593,-0.06794550781149666
"As somebody who is clearly a fan of the show because of profile pic, hell no. Hell fucking no. RWBY Grimm Eclipse is the equivalent of Sonic 06,",-0.10714285714285714,0.343,0.53,0.126,-0.8625,-0.343
"Don't be a sucker buying this game. Just another early access let's take your money and run game. The developers are no more than THIEVES releasing another piece of crap early access pile of crap!,",-0.05405405405405406,0.209,0.724,0.067,-0.709,-0.209
"Buy a B grade title and cut it into not two but THREE C grade titles. Triple the monies bby.,",-0.05,0.088,0.912,0.0,-0.1406,-0.1290886879311069
"stay away, far far away its poop,",-0.14285714285714285,0.0,1.0,0.0,0.0,-0.36860489038724276
"Bobby Nguyen David Steinbach wtf ?,",-0.2,0.432,0.568,0.0,-0.5859,-0.5157106231293968
"Mayel Ledesma Marvin Brucal :D,",-0.2,0.0,1.0,0.0,0.0,-0.5157106231293968
"look at that torbjorn motherfucker,",-0.2,0.535,0.465,0.0,-0.6808,-0.535
"WTF this shitty games,",-0.25,0.787,0.213,0.0,-0.8126,-0.787
"Get my ass kicked on this game, and i thought i was not that bad in tetris :p,",-0.05555555555555555,0.172,0.688,0.14,-0.1655,-0.172
"Thomas Johansson köpa?? : D,",-0.25,0.0,1.0,0.0,0.0,-0.6441566264008308
"Oh hell yes. I can't wait,",-0.14285714285714285,0.447,0.291,0.262,-0.4404,-0.447
"Domina in polish is dominatrix :O gr8 job !,",-0.125,0.225,0.465,0.31,0.4753,-0.3225806451612903
"what a trash :D,",-0.25,0.0,1.0,0.0,0.0,-0.6441566264008308
"V I ? I B L E inc,",-0.14285714285714285,0.0,1.0,0.0,0.0,-0.36860489038724276
"no thanks .. im happy with PC2 :D,",-0.14285714285714285,0.159,0.362,0.478,0.6597,-0.36860489038724276
"Can you lower the price on Sniper Elite 2 so I can buy it :D I am short for 22 euro cents PLZ 😎,",-0.041666666666666664,0.089,0.726,0.185,0.34,-0.10757664540779643
"Hunting for more victims to test your game out eh?  Try letting people try for free first you greedy fucks 😉,",-0.047619047619047616,0.283,0.601,0.117,-0.5709,-0.283
"If you're selling a early access / beta / incomplete game over 10$, then you're an asshole.,",-0.058823529411764705,0.0,1.0,0.0,0.0,-0.15186418480769676
"If it's anything like the first game you either need to spend literal weeks grinding or masses of actual money to make any progress. KoPaP is the single game I regret having in my steam library, it's basically an idiot tax.,",-0.023255813953488372,0.129,0.759,0.112,-0.2023,-0.129
"Nikl D Ah Könnte man mit der Truppe auch mal reinschauen.,",-0.09090909090909091,0.0,1.0,0.0,0.0,-0.23466162723196604
"Fabio D. Serra,",-0.3333333333333333,0.0,1.0,0.0,0.0,-0.8574929257125441
"Buy it, it's good as hell,",-0.14285714285714285,0.4,0.348,0.252,-0.4019,-0.4
"even the DLC is on sale :D (except the new one) worth it :D,",-0.14285714285714285,0.0,0.698,0.302,0.6369,-0.36860489038724276
"f_ck your games!!! only hackers you don't care about the players only about the money!,",-0.0625,0.213,0.787,0.0,-0.5853,-0.213
"Some exec said: Let's Milk that motherfucker beyond the DLC model!,",-0.08333333333333333,0.328,0.672,0.0,-0.7088,-0.328
"This game was a garbage fire! And I love the Lego games bought this and was like wtf :/ hope someone enjoys it,",-0.045454545454545456,0.24,0.391,0.369,0.68,-0.24
"Marat Koshoev is it good to start? :D :D,",-0.2222222222222222,0.0,0.53,0.47,0.7351,-0.5728331501262047
"Delphin Duquenne 50% :D,",-0.25,0.0,1.0,0.0,0.0,-0.6441566264008308
"I can't buy anything, because your fucking pathetically stupid fucking website is incapable of letting me actually log in! Fucking pathetic fuckits! Fucking pathetic fuckits! Fucking pathetic fuckits!,",-0.1724137931034483,0.52,0.48,0.0,-0.9744,-0.52
"Fucking pathetic fuckits!,",-0.3333333333333333,0.682,0.318,0.0,-0.6468,-0.8574929257125441
"The best military strategy game, I wish they’d make a new one,",-0.07142857142857142,0.0,0.537,0.463,0.7845,-0.18439642112147225
"Thomas Berard :D,",-0.3333333333333333,0.0,1.0,0.0,0.0,-0.8574929257125441
"patch the fucking exploit on csgo,",-0.16666666666666666,0.253,0.747,0.0,-0.1761,-0.42993358039234775
"""Today's Deal""... :D,",-0.25,0.0,1.0,0.0,0.0,-0.6441566264008308
"Look they're having a sale on garbage ! :D,",-0.1111111111111111,0.0,1.0,0.0,0.0,-0.2867696673382022
"Jop D Zephyrum,",-0.3333333333333333,0.0,1.0,0.0,0.0,-0.8574929257125441
"Garry Trieu get those bitches,",-0.2,0.494,0.506,0.0,-0.5994,-0.5157106231293968
"Steam is a fucking scam. Bought a game and tried to make it work for 3 hours. Now they won't give me a refund because of 3 hours of ""playing"" time. What a fucking joke. I end up with no refund and a game that is uplayable.,",-0.041666666666666664,0.139,0.806,0.056,-0.5719,-0.139
"What the hell ? Same thing i can't play on secure server , try later.........,",-0.07142857142857142,0.491,0.509,0.0,-0.8258,-0.491
"Niels B Knudsen,",-0.3333333333333333,0.0,1.0,0.0,0.0,-0.8574929257125441
"Lucas Hoffman jizz,",-0.3333333333333333,0.0,1.0,0.0,0.0,-0.8574929257125441
"I'll buy it when it comes out of beta. :D,",-0.09090909090909091,0.0,1.0,0.0,0.0,-0.23466162723196604
"Witcher 2.0 :D,",-0.3333333333333333,0.0,1.0,0.0,0.0,-0.8574929257125441
"Lmao all these kids bitching because its not  instant gratification, kill everyone, hardcore action skyrim like bs.

The game is advertised as realistic and  slower paced. It's supposed to be sim-like Wtf were you kids expecting? Elder scrolls 6?

Yet again more jaded people with 0 attention span that hate anything that does not make you feel like a god and kill things every 20 secs lol.

For those on the fence? This game is historically accurate medieval SIM. It's not supposed to be an action packed balls to the wall hold your hand, go here kill this crapfest.

It is supposed to be a realistic representation of what life wa slife back then. If that is not your thing>? cool. But 99% of these comments are just ""waaah its not what I wanted"" crying babies. Maybe do some research before you buy lol.

O nooo it has bugs??? You mean.....Like every other fucking game ever released in the last 10 years?

8 hours in and only minor bugs that are getting fixed. God you people are entitled.,",-0.0125,0.065,0.782,0.153,0.9358,-0.065
"Jugeily D Saez,",-0.3333333333333333,0.0,1.0,0.0,0.0,-0.8574929257125441
"This is fuckin expensive wtf,",-0.4,0.487,0.513,0.0,-0.5859,-1
"Royce William Parker shut the fucking gates lol,",-0.125,0.0,0.695,0.305,0.4728,-0.3225806451612903
"(...)for ITS 5th year. Learn to spell, asshole !,",-0.125,0.0,1.0,0.0,0.0,-0.3225806451612903
"Your customer support is piece of sh*t. I changed my password to my account and then found myself locked out of my account saying my password is incorrect and when I click reset password via the phone code it let me but doesn't matter what I change it to it wouldn't let me log in wtf? You guys don't have call centers and new registered user are NOT even allowed to contact support without spending money to unlock any features to the account. WTF am I supposed to do now? Regret so much purchasing stuff on steam you better give me an answer.,",-0.018867924528301886,0.133,0.788,0.079,-0.8085,-0.133
"There’s always one or two people who bitch about their problems and expect Steam to reply on these comments 😂,",-0.045454545454545456,0.265,0.735,0.0,-0.7579,-0.265
"Bet im making some fucking war atm, playing Arma :3,",-0.1,0.294,0.561,0.145,-0.4818,-0.294
"Más les vale que para el 14 de febrero pongan unos pinches ofertones para gastarme la feria que tenía destinada para ella pero que ya no será porque me dejó por otro y mi único consuelo serán los videojuegos, me escucharon hijos de toda su puta madre?,",-0.02127659574468085,0.047,0.953,0.0,-0.296,-0.05493510503613111
"Steam is the worst experience I ever had in gaming...I steer everyone I can away from their crap trap. Customer support would make it a bit more worthy, like a tiny smidge on the positive side of useless...but it just doesn't exist. I am heartbroken I bought 4 games through them now in the biggest way...,",-0.017543859649122806,0.137,0.624,0.239,0.7726,-0.137
"This is completely unrelated, but I just got a BJ from a dude in a videogame. So.... I might be gay now. I don't know, but this happened: https://www.youtube.com/watch?v=0OwWdkGC30E&list=PLB9DaJSVSWzGm6bjWBXzeay-htUVBZUXt,",-0.03333333333333333,0.0,1.0,0.0,0.0,-0.08606310911885309
"As a biker and a pc gamer I know there no good downhill bike games about so I will b havin a look at this wen I get bak from work,",-0.03225806451612903,0.081,0.812,0.107,0.1779,-0.08328707558159619
"Burak Donat weisch noch das eine Spiel auf ps2 :D vllt ist das hier auch geil,",-0.0625,0.0,0.82,0.18,0.5106,-0.16135329791560707
"Marko Jopa Jokic evo tvoj game :D,",-0.14285714285714285,0.0,1.0,0.0,0.0,-0.36860489038724276
"Omg 30% off this old ass game 😮,",-0.125,0.333,0.667,0.0,-0.5423,-0.333
"Lucas D. Canadé,",-0.3333333333333333,0.0,1.0,0.0,0.0,-0.8574929257125441
"Deeper than the sea Baron Van de Merd!,",-0.125,0.0,1.0,0.0,0.0,-0.3225806451612903
"BITCH ITS FREEEEEEEEEEEEEEEEEEEEEEEEEEEEEEEEEEEEE,",-0.3333333333333333,0.655,0.345,0.0,-0.5859,-0.8574929257125441
"Wow, these comments... are really a sore to go through... Geez. What the hell is wrong with you, you entitled idiots.,",-0.047619047619047616,0.334,0.478,0.188,-0.6801,-0.334
"CLOSERS   is here Baby     :D,",-0.2,0.0,1.0,0.0,0.0,-0.5157106231293968
"buy this and play it then realize "" Wtf why havent i bought this years ago ? "" 
Then go buy Transistor ""their other game"",",-0.045454545454545456,0.151,0.754,0.095,-0.34,-0.151
"gracias hjos de puta pr hcerme llorar mrds de mrds,",-0.1,0.0,1.0,0.0,0.0,-0.2581128664598337
"Bought it, really fun, the multiplayer mode is great :D,",-0.1,0.0,0.51,0.49,0.8268,-0.2581128664598337
"kiss my ass u fuckn thieves,",-0.16666666666666666,0.586,0.172,0.241,-0.6124,-0.586
"What perfect bloody timing when i gotta save to move f*** you steam 😂,",-0.06666666666666667,0.146,0.505,0.348,0.6124,-0.17210709770537852
"Sofia nothing like a cup of ASS to start the day,",-0.09090909090909091,0.412,0.588,0.0,-0.6818,-0.412
"Jakub, Karolina :D,",-0.3333333333333333,0.0,1.0,0.0,0.0,-0.8574929257125441
"already bought~ within 3 mins :D,",-0.16666666666666666,0.0,1.0,0.0,0.0,-0.42993358039234775
"Game kicks ass. Has that mmo feel,",-0.14285714285714285,0.368,0.632,0.0,-0.5423,-0.36860489038724276
"Renato Finocchiaro Garcia y Eduardo D. Alarco,",-0.14285714285714285,0.0,1.0,0.0,0.0,-0.36860489038724276
"Federico Carlucci Giovanni Gramegna THAT'S IT, THAT'S FUCKING IT,",-0.09090909090909091,0.0,1.0,0.0,0.0,-0.23466162723196604
":D How I can sell my skins on csgo, I want buy this game ?,",-0.07142857142857142,0.0,0.705,0.295,0.5574,-0.18439642112147225
"Puta quien me lo regala xd,",-0.16666666666666666,0.0,0.568,0.432,0.5859,-0.42993358039234775
"Microtransactions like in CS:GO :D No thx,",-0.14285714285714285,0.163,0.222,0.615,0.7269,-0.36860489038724276
"Steffan Larsen Få d på g,",-0.16666666666666666,0.0,1.0,0.0,0.0,-0.42993358039234775
"Spencer D. Winterss,",-0.3333333333333333,0.0,1.0,0.0,0.0,-0.8574929257125441
"Takes a fucking age to load up!,",-0.14285714285714285,0.0,1.0,0.0,0.0,-0.36860489038724276
"Thsi site is spam the download every time you boot up your computer goes online says it is updating it is not it is spying on you, the program is constantly dragging down your computer speed even when it is not open and when you do open it the fucking thing freezes your computer for several minutes while it boots!!,",-0.016666666666666666,0.071,0.929,0.0,-0.5365,-0.071
"How to join Steam? 🤣 wtf?!?,",-0.16666666666666666,0.0,0.623,0.377,0.4646,-0.42993358039234775
"These guys are a fuckin scam,,,ingot scammed 600 dollars you useless lowlife fucks threatening to throw me in jail if i didn't pay it,,,cops are already on it,,,i hope ur proud of yourselves and die..people calling and saying they arw canada revenue agency,,,should be bloody ashamed of yourself ruiningbfamilies lives..,",-0.0392156862745098,0.278,0.608,0.114,-0.8886,-0.278
"facking steam.. try Sceam .. 
crap program.. wont even help.. so instead they mark m´me as spam ffs.. fucking idiots.. ! morons. piss off !,",-0.13636363636363635,0.36,0.64,0.0,-0.8814,-0.36
"Been trying to play PUBG for the past hour but every time i try to connect it tells me that the servers are too busy. I paid for this game (which can only be played online) but can't play it due to lack of server space. I got tired of prop hunt because all the admins act like they're on some power trip and will constantly make you conform to playing the game EXACTLY the way they want you to play it or your ""banned"". If im hiding as a prop then why the hell is the admin ordering me to jump or taunt; potentially giving away my spot which COMPLETELY DEFEATS THE ENTIRE PURPOSE OF THE GAME.,",-0.008333333333333333,0.137,0.714,0.149,-0.3377,-0.137
"Permisi mau tanya, kalau beli steam pubg dijepang, terus nanti saya pulang ke indo, pubg nya bisa dimainin gk d laptop saya?,",-0.045454545454545456,0.0,1.0,0.0,0.0,-0.11735504967785532
"This game is GREAT. Get it. :D,",-0.14285714285714285,0.0,0.594,0.406,0.6249,-0.36860489038724276
"http://steamcommunity.com/profiles/76561198810066430/

fucking cheater.. chek him out, aimbot,wallhack, fucking noob.
deserve a vacban, chek he`s game,,",-0.13333333333333333,0.103,0.897,0.0,-0.1263,-0.34406135849265745
"about fucking time,",-0.3333333333333333,0.0,1.0,0.0,0.0,-0.8574929257125441
"Wtf the prince Loooooool,",-0.25,0.559,0.441,0.0,-0.5859,-0.6441566264008308
"tron wars :;D,",-0.3333333333333333,0.643,0.357,0.0,-0.5574,-0.8574929257125441
"Buena Celeste Bertin :D!!,",-0.25,0.0,1.0,0.0,0.0,-0.6441566264008308
"Already getting a copy because I helped back this sucker. Now I've got two reasons to be excited for April! :D,",-0.045454545454545456,0.181,0.718,0.101,-0.4389,-0.181
"This actually looks really fun! I'm gonna add it to my wishlist for when I run out of things to play :D,",-0.041666666666666664,0.0,0.751,0.249,0.7419,-0.10757664540779643
"It seems, that the games uses the same game-Engine, like Zelda Breath of the wild. :D,",-0.0625,0.0,0.857,0.143,0.3612,-0.16135329791560707
"Gretchen Schwertle Sieht wie ein Spiel für dich aus. :D,",-0.1,0.0,1.0,0.0,0.0,-0.2581128664598337
"Cem James Pietro :D,",-0.25,0.0,1.0,0.0,0.0,-0.6441566264008308
"block hero tinker so gay..,",-0.2,0.305,0.316,0.379,0.1779,-0.5157106231293968
"Remco Dik Prepare your laptop,",-0.2,0.0,1.0,0.0,0.0,-0.5157106231293968
"O SEU FILHO DA PUTA NAMORAL LANÇA HALF LIFE 2 EPISODE 3,",-0.08333333333333333,0.0,1.0,0.0,0.0,-0.21511595185875906
"Wow PC gaming has lots of shovelware crap. 960 on steam,",-0.09090909090909091,0.169,0.584,0.247,0.296,-0.23466162723196604
"İ rode it tranny sorry Lord Gaben it looks gay.,",-0.1,0.14,0.86,0.0,-0.0772,-0.2581128664598337
"Damn I've just bought it 2 days ago...nvm it was worth it :D,",-0.07142857142857142,0.185,0.685,0.13,-0.2023,-0.185
"buy it

this game, no matter how old it is, is better than anything Crapcom will crap out for the next couple of years,",-0.041666666666666664,0.167,0.694,0.139,-0.2023,-0.167
"I bought it for a tenner in the winter sale you bastards,",-0.08333333333333333,0.308,0.692,0.0,-0.6124,-0.308
"for that price it's a steal, grab it now, thank me later :D,",-0.07142857142857142,0.204,0.637,0.159,-0.1779,-0.204
"Another fucking minecraft mod. Back to Stardew,",-0.14285714285714285,0.0,1.0,0.0,0.0,-0.36860489038724276
"lol 12$ for another minecraft shitty ass game? way to go,",-0.09090909090909091,0.397,0.447,0.156,-0.6486,-0.397
"Zoë Yael Zeeuw maybe finally a game for us to play together ;D,",-0.07692307692307693,0.0,0.821,0.179,0.34,-0.19857536769738443
"Great..  another clonky ass wannabe triple A game...,",-0.125,0.368,0.632,0.0,-0.5423,-0.368
"aptal orospu çocukları hesabım çalındı durduk yere siktiğimin güvenlik duvarınızı sikiyim,",-0.09090909090909091,0.0,1.0,0.0,0.0,-0.23466162723196604
"wtf that's Coach from L4D2,",-0.16666666666666666,0.487,0.513,0.0,-0.5859,-0.487
"Completely unrelated to the above post, here's part 2 of my playthrough of the map Shelter in the free zombie apocalypse game No More Room In Hell: https://www.youtube.com/watch?v=XV4N4it0N3A&list=PLB9DaJSVSWzFN7CJU2Ofyye8rhYpxHZIn,",-0.034482758620689655,0.206,0.698,0.096,-0.5809,-0.206
"pinches pendejos hijos de su re puta madre,",-0.125,0.0,1.0,0.0,0.0,-0.3225806451612903
"You're officially boycotted for not releasing Half Life 3 or Episode 3. 

The plot synopsis from August sounded like a mind-blowingly awesome concept and instead you gave us fucking Dota 2 and Counterstrike ? 

No thanks. Never using Steam again.,",-0.025,0.108,0.683,0.209,0.6808,-0.108
"Olha eu vou fazer uma reclamação e eu vou ser bem direto eu to cagando pra porra da segurança eu não vou passar minha conta pta ninguem ai eu tento comprar minhas skins vocês me bloqueiam por 30 dias eu espero 30 dias e ai tenho que colocar a porra do autenticador movel vai toma no cu agr tenho que esperar mais 7 dias cliente da steam não tem opção se ele quer ou não é oque vocês querem seus bando de filho da puta Steam,",-0.011627906976744186,0.026,0.974,0.0,-0.296,-0.030022991403249547
"Henry Pun Arsen Omurzakov Argen Omurzakov Chirag Tandon TamaBobbi Wu MOBY DICK,",-0.08333333333333333,0.231,0.769,0.0,-0.5106,-0.231
"if the soundtrack isn't by ahab I'm not interested.

:D,",-0.08333333333333333,0.201,0.799,0.0,-0.3089,-0.21511595185875906
"WTF,",-1.0,1.0,0.0,0.0,-0.5859,-1
"Swedish: Inom nutiden vill många spela sina spel efter grafikklasser så sätt in en klass för 16 bitar och 32 bitar samt en annan klass för 64 bitar och så vidare. Vidare dem som tycker att spelen går för fort så be dem installera Boinc programmet och göra sig medlem inom någon av forskare lagen och när ett forskare lag är slut på uppgifter så registrera ett till forskare lag. // Scanner Thought Brain - inom spelprogram arean,",-0.013157894736842105,0.104,0.896,0.0,-0.8225,-0.104
"don't know where to go! I reset my pc, had to re sighn in and NOW reset password confirm password now please sighn in AND sorry wrong passward??????????? WTF is going on???????,",-0.030303030303030304,0.244,0.697,0.059,-0.7993,-0.244
"OIGAN HIJOS DE PERRA, POR CHUCHA ME BOTA EL PUTO DOTA 2 RCMT,",-0.07692307692307693,0.0,1.0,0.0,0.0,-0.19857536769738443
"How do we get a hold of Steam WTF!!!! Their support page does not help at all,",-0.058823529411764705,0.112,0.696,0.192,0.3839,-0.15186418480769676
"There was a game called Inner Space back in the day where you flew a spaceship into your own harddrive to fight off viruses and eventually your own inner demons. I’d rather a remake of that than this pointless version.,",-0.023809523809523808,0.067,0.933,0.0,-0.3818,-0.067
"this mother fucking game needs to be dumped on the android store already,",-0.07692307692307693,0.184,0.816,0.0,-0.4019,-0.19857536769738443
"where the hell is your support team links? do you just send people around in circles saying a link will send you to contact help and then nothing? like wtf is that steam? and why the hell do I have to pay you 5 bucks just to add a friend? ripoffs much,",-0.057692307692307696,0.209,0.612,0.179,-0.4585,-0.209
"i bought for 4€ :D,",-0.2,0.0,1.0,0.0,0.0,-0.5157106231293968
"In case you missed it, legendary free zombie game No More Room In Hell was recently updated with a bunch of new maps! Here I'm checking out one of them, Shelter: https://www.youtube.com/watch?v=M_qkCo5kxvQ&list=PLB9DaJSVSWzFN7CJU2Ofyye8rhYpxHZIn,",-0.030303030303030304,0.24,0.677,0.083,-0.7396,-0.24
"Why the hell this is showing up to me today, I'll never know.,",-0.07142857142857142,0.277,0.723,0.0,-0.6808,-0.277
"Mitch Rosillo It is the same one dude :D,",-0.1111111111111111,0.0,1.0,0.0,0.0,-0.2867696673382022
"you stupid fucking cunts... im trying to fucking trade something with my friend and sell some cases on the fucking market before they go to too low of a price but now i have to fucking wait 15 fucking days for mobile authenticator,",-0.13953488372093023,0.086,0.867,0.048,-0.1655,-0.36004392803899465
"The fan base for this game is that most stupid cuck circle jerk group of fucks I've ever seen on the internet.,",-0.043478260869565216,0.312,0.61,0.078,-0.7841,-0.312
"this new fucking trading system is so fucking retarded,",-0.2222222222222222,0.348,0.652,0.0,-0.6453,-0.5728331501262047
"Hi yall... i am wondering how the H. i contact steam.. so faar i have realised that Steam is a bug and stupid program that nothing else then tards seem to have put together just to put something together and faast... it simply is not compleet to work properly.. so i have downloaded Steam and installed, put i cant lon in, but on the internet page i can !! so whata hell is goin on here... ? who can help me with this btw? really want to get back on te saddel after my coma incident after soo many years u know. ! since 2008 so... where do i turn for this kind of problem.. plz Someone help where do i turn,",-0.008403361344537815,0.072,0.834,0.094,-0.4242,-0.072
"Seeing all of this shitty kids complaining about fucking graphics make me wanna cry... Really...
How dumb PC community is...,",-0.047619047619047616,0.355,0.645,0.0,-0.8537,-0.355
"AltF4 Games Review glotzen, danke Steam fuer die Erinnerung :D,",-0.1,0.302,0.698,0.0,-0.5994,-0.302
"This game should be renamed DICK,",-0.16666666666666666,0.398,0.602,0.0,-0.5106,-0.42993358039234775
"That screenshot has me thinking this shits Diablo I, ffs.,",-0.1,0.287,0.713,0.0,-0.561,-0.287
"wtf is that it's prank,",-0.16666666666666666,0.487,0.513,0.0,-0.5859,-0.487
"Magicka taught me how to make ARSE mines. You just press ARSE, area cast, and several mines appear around you.,",-0.1,0.0,1.0,0.0,0.0,-0.2581128664598337
"Fucking hard,",-0.5,0.629,0.371,0.0,-0.1761,-1
"It was fun, but DEF not worth the full price. If it had Workshop support, oh hell yeah.,",-0.05555555555555555,0.299,0.498,0.203,-0.5717,-0.299
"One hell of a game.,",-0.2,0.605,0.395,0.0,-0.6808,-0.605
"Yukiko gay,",-0.5,0.0,1.0,0.0,0.0,-1
"Na man have to wait to see if Thier are lame ass timers,",-0.07692307692307693,0.364,0.636,0.0,-0.743,-0.364
"Kacper Oblak you fuckin weeb,",-0.2,0.0,1.0,0.0,0.0,-0.5157106231293968
"Or save 100% now by not getting this total crap. Get UMvC3 if you want, that one has Vergil and Dante.,",-0.047619047619047616,0.104,0.717,0.179,0.2263,-0.12294255990122585
"Amazing Gameplay :D....with the start of SFV...focus on shitty esports....look now arcade edition, looks good! with content :D! VIDEOGAMES FIRST = E-SPORT LATER. so let´s wait for the arcade edition of this game too,",-0.030303030303030304,0.088,0.734,0.178,0.5696,-0.088
"-80% ?? Seems like new game is on the horizon B),",-0.1,0.0,0.778,0.222,0.4329,-0.2581128664598337
"Not only do they screw the backers once.

They screw them again by this ""upgrade"" http://puu.sh/yVcnv/169f51745b.png,",-0.125,0.167,0.833,0.0,-0.2023,-0.3225806451612903
"this is a fun game, haven't played it in a while so maybe I'll have to dust off my old Steam account  :D,",-0.04,0.084,0.781,0.136,0.3103,-0.10327404809650345
"Cuphead is a joke.... Wtf are you doing.,",-0.125,0.388,0.612,0.0,-0.5859,-0.388
"Warframe? Hell yeah!

Clem for all tenno!,",-0.14285714285714285,0.419,0.404,0.178,-0.6103,-0.419
"Mount and blade nerede orospu çocuğu gaben,",-0.14285714285714285,0.0,1.0,0.0,0.0,-0.36860489038724276
"wish steam werent fucking nazis and allowed ppl to get nominee badge after the first week,",-0.125,0.0,0.847,0.153,0.4019,-0.3225806451612903
"Awesome bought the entire series of assassins creed bought wolfestein 2 had fun killing nazis now i bought cod ww2 for 50 aud because i like the m1 garand,",-0.034482758620689655,0.121,0.606,0.273,0.6705,-0.121
"Steam WTF I played dota 2 and it won't allow me to pick hero and it shows that I abandoned the game and lose mmr? WTF!!!!,",-0.07407407407407407,0.349,0.481,0.17,-0.7457,-0.349
"VALVE YOU ARE A GARBAGE, DO NOT KNOW PROGRAMMING THAT YOU ARE PLAYING GAME I HAVE BAN DE VAC FOR SOME PROGRAM TO BE PREVENTING THE GAME OF ROUND AHAHAHAHAHAHAHAHAHAHAH, NOR THE LEAGUE OF LEGENDS HAS BAN OF THIS AND THAT DOES NOT OCCUR THAT THERE, WHY YOU HAVE TO BE DIFFERENT HAHAHAHAHA, REMOVE THAT BOSTA, IT HAS MANY PEOPLE TAKING BAN OF THAT SHIT FOR YOU AND THE MOST FUCK AND TAKING BAN AS THIS AND BEING HALF A HALF OR MORE WAITING FOR A PROBLEM THAT IT'S EVEN YOURSELF, IT ALREADS THAT MY ANTI-VIRUS THIS HACK HAHAHAHAHAHAHA REMOVE THAT SHIT NOW !!!,",-0.028846153846153848,0.248,0.737,0.015,-0.9827,-0.248
"I just wanna buy nier automata and I already voted it. But Wtf ? why is it still full price???  Discount it pls...,",-0.043478260869565216,0.245,0.755,0.0,-0.7998,-0.245
"The animations are terrible, the voice acting is terrible, the lip sync is non existent, the subtitles don't quite work, and it's generic korean gameplay.

But the song when you clear a dungeon is the best fucking thing ever. Worth downloading and playing just for that, I swear to fucking god.,",-0.03773584905660377,0.088,0.682,0.23,0.8944,-0.09742891880305313
"well if you would take my money, I would be happy to buy. but since I don't live in the USA and that is where my bank and credit cards are tied to, in you worthless crap of a company, you won't let me pay with any credit card or even pay pal. Most of the world doesn't live in the USA, I have no idea how you stay in business with your 18th century attitude about payments.,",-0.012345679012345678,0.113,0.733,0.153,0.1376,-0.113
"can get games for free. 50 bucks for an old ass game ridiculous,",-0.07692307692307693,0.311,0.518,0.171,-0.4019,-0.311
"Steps around the whiny bastards.,",-0.2,0.0,1.0,0.0,0.0,-0.5157106231293968
"fking ban these fucking wall cheaters idiot monkeys.,",-0.25,0.674,0.326,0.0,-0.8845,-0.674
"stupid steam you're idiot monkeys,",-0.16666666666666666,0.691,0.309,0.0,-0.7717,-0.691
"yea really CODs at normal price still 40.00 on sale at 19.99 WTF im not paying that much to play against hackers. And i dont even play basketball but seriously NBA 2k16 at 59.99 get real.,",-0.027777777777777776,0.115,0.798,0.088,-0.2617,-0.115
"Just got a reply wanting to terminate my account as I had been receiving almost 20 emails per day that I must change my password in doing so no effect, so here's the reply.

""We will be happy to assist you with this account termination request. 

Please be aware that account termination is permanent - Steam support will not be able to reactivate the account in the future. 

Make sure that you've read all of the information in our Account Termination article.

Please confirm that you understand what terminating the account entails and that you would still like to proceed. 

Hitting the ground running,	
Jay Arora""

So my question is how the hell do I confirm this? where do I Hitting the groud running? what stupidity is this? where is the confirm button? why do I need to contact you fools to terminate my own account??? when have companies like you starting to become to Mico-Managing as if it wasn't hard enough having a moron as a Manager in real life.,",-0.006369426751592357,0.079,0.808,0.113,0.571,-0.079
"learn to ban these fucking cheaters and wallers.,",-0.125,0.531,0.469,0.0,-0.7778,-0.531
"Keep all your alpha beta crap. Haven't played a new good game on steam in a long time.,",-0.05263157894736842,0.351,0.649,0.0,-0.722,-0.351
"fucking noobs do your work,",-0.2,0.0,1.0,0.0,0.0,-0.5157106231293968
"crap sale , miss the old steam sales :(,",-0.14285714285714285,0.412,0.588,0.0,-0.4939,-0.412
"The hell we cant leave a message and get a proper customer support!   i cant open steam anymore, i don't see my downloads for city skylines! your product is really bullshit im very upset i should get compensated for all the troubles i have been true its hell when the hell will i be able to play the game in peace!

i also still have the problem when i want to download anything from workshop city skylines.
also, the objects don't show up in the game

i also did what i was told to do delete the following:
C:\Program Files (x86)\Steam\logs\bootstrap_log.txt
C:\Program Files (x86)\Steam\logs\content_log.txt
C:\Program Files (x86)\Steam\logs\configstore_log.txt
C:\Program Files (x86)\Steam\logs\download_log.txt
C:\Program Files (x86)\Steam\logs\workshop_log.txt
C:\Program Files (x86)\Steam\logs\cloud_log.txt

I STILL HAVE THE PROBLEM I WANT SOLUTIONS !!!!!!!!!!!!!,",-0.023809523809523808,0.212,0.67,0.118,-0.9613,-0.212
"The hell we cant leave a message and get a proper customer support! i cant open steam anymore, i don't see my downloads for city skylines! your product is really bullshit im very upset i should get compensated for all the troubles i have been true its hell when the hell will i be able to play the game in peace!

i also still have the problem when i want to download anything from workshop city skylines.
also, the objects don't show up in the game

i also did what i was told to do delete the following:
C:\Program Files (x86)\Steam\logs\bootstrap_log.txt
C:\Program Files (x86)\Steam\logs\content_log.txt
C:\Program Files (x86)\Steam\logs\configstore_log.txt
C:\Program Files (x86)\Steam\logs\download_log.txt
C:\Program Files (x86)\Steam\logs\workshop_log.txt
C:\Program Files (x86)\Steam\logs\cloud_log.txt

I STILL HAVE THE PROBLEM I WANT SOLUTIONS !!!!!!!!!!!!!,",-0.023809523809523808,0.212,0.67,0.118,-0.9613,-0.212
"idc about the sales really. i just want trading cards :D,",-0.09090909090909091,0.0,0.851,0.149,0.1477,-0.23466162723196604
"Bitch no *throws wallet at screen*,",-0.16666666666666666,0.6,0.4,0.0,-0.7184,-0.6
"Steam hardware Coming Soon!!!!! WTF,",-0.2,0.554,0.446,0.0,-0.7156,-0.554
"ARK:Aberration normally $20, hiked up to $45 for the 66% to sell for $15.29???   WTF?,",-0.06666666666666667,0.0,1.0,0.0,0.0,-0.17210709770537852
"The hell we cant leave a message and get a proper customer support! i cant open steam anymore, i don't see my downloads for city skylines! your product is really bullshit im very upset i should get compensated for all the troubles i have been true its hell when the hell will i be able to play the game in peace!

i also still have the problem when i want to download anything from workshop city skylines.
also, the objects don't show up in the game

i also did what i was told to do delete the following:
C:\Program Files (x86)\Steam\logs\bootstrap_log.txt
C:\Program Files (x86)\Steam\logs\content_log.txt
C:\Program Files (x86)\Steam\logs\configstore_log.txt
C:\Program Files (x86)\Steam\logs\download_log.txt
C:\Program Files (x86)\Steam\logs\workshop_log.txt
C:\Program Files (x86)\Steam\logs\cloud_log.txt

I STILL HAVE THE PROBLEM I WANT SOLUTIONS !!!!!!!!!!!!!,",-0.023809523809523808,0.212,0.67,0.118,-0.9613,-0.212
"whats with ur fucking app steam it keeps dropping connection it keeps crashing pissing me off,",-0.0625,0.153,0.847,0.0,-0.4019,-0.16135329791560707
"http://steamcommunity.com/profiles/76561198453571637/ plz vac ban him fucking wall and spinbot,",-0.1111111111111111,0.303,0.588,0.109,-0.5106,-0.303
"Annika Münch da ist der Wintersale! Dann schau doch mal nach :D,",-0.08333333333333333,0.0,1.0,0.0,0.0,-0.21511595185875906
"Thanks a lot sir :D,",-0.2,0.0,0.508,0.492,0.4404,-0.5157106231293968
"You can't even make a windows client that works! What kind of idiot would want to buy hardware from your useless asses?,",-0.043478260869565216,0.257,0.693,0.05,-0.7495,-0.257
"useless cunts fix ya servers for tf2. Sick of having problems joining MvM,",-0.07692307692307693,0.585,0.415,0.0,-0.9136,-0.585
"lol Matthew D. Luffy,",-0.25,0.0,0.517,0.483,0.4215,-0.6441566264008308
"It's been available on Steam for months. Apparently, whoever is responsible for creating the posts in this Facebook channel is a fucking idiot.,",-0.08333333333333333,0.0,0.816,0.184,0.5423,-0.21511595185875906
"What the hell!? Warframe isn't even nominated for labor of love?,",-0.08333333333333333,0.0,1.0,0.0,0.0,-0.21511595185875906
"Winter sale is coming! :D,",-0.2,0.0,1.0,0.0,0.0,-0.5157106231293968
"Fucking Pony Island!!!,",-0.3333333333333333,0.0,1.0,0.0,0.0,-0.8574929257125441
"your fucking sever's are wank never will i buy a game what needs fucking steam to play online again TOSSERS,",-0.14285714285714285,0.0,0.865,0.135,0.3947,-0.36860489038724276
"Arek Prażuch - hm, hm, hmm? Chcesz spróbować? :D,",-0.125,0.0,1.0,0.0,0.0,-0.3225806451612903
"VR crap 💩 especially when you already own the game an expect you to pay again for buggy games,",-0.05263157894736842,0.19,0.81,0.0,-0.4588,-0.19
"steam assholes,",-0.5,0.792,0.208,0.0,-0.5859,-1
"oh boy hell yeah time to buy it,",-0.125,0.359,0.469,0.172,-0.5267,-0.359
"he steam focking idiots why i have a focking vac ban on cs go? I have not played the game for half a year or something. and the reason is This ban was applied to your account because another account was cheating while using your verified phone number. like wtf? no one els has my  verified phone number.,",-0.017241379310344827,0.278,0.667,0.055,-0.9468,-0.278
"Bugged to hell asked for refund,",-0.16666666666666666,0.479,0.521,0.0,-0.6808,-0.479
"This game is shit dont waste your time or space.,",-0.1,0.258,0.574,0.167,-0.3111,-0.2581128664598337
"ew disgusting greedy bastard,",-0.25,0.902,0.098,0.0,-0.8481,-0.902
"Mobile port, only $3.99 on Android store... but charging $20 on Steam wtf get out of here lmao,",-0.05555555555555555,0.196,0.603,0.202,0.0387,-0.196
"Jacinthe Bourgoin :D,",-0.3333333333333333,0.0,1.0,0.0,0.0,-0.8574929257125441
"Sully hell yeah,",-0.3333333333333333,0.59,0.128,0.282,-0.5267,-0.8574929257125441
"your fucking sever's are fucking wank,",-0.42857142857142855,0.0,1.0,0.0,0.0,-1
"Why the hell is facebook showing me this today? That's useless,",-0.08333333333333333,0.451,0.549,0.0,-0.8126,-0.451
"likes me some ILL Ars.e,",-0.2,0.326,0.349,0.326,0.0,-0.5157106231293968
"Ich habe es geliebt. Damals. Auf der PS2. :D,",-0.1111111111111111,0.0,1.0,0.0,0.0,-0.2867696673382022
"Wtf,",-1.0,1.0,0.0,0.0,-0.5859,-1
"Locked at 30 FPS? Hell no.,",-0.16666666666666666,0.479,0.521,0.0,-0.6808,-0.479
"wtf,",-1.0,1.0,0.0,0.0,-0.5859,-1
"Brandon Rawlings b o i ¿,",-0.16666666666666666,0.0,1.0,0.0,0.0,-0.42993358039234775
"Paradox, I used to be a fan. Now what I have for you is a seething hatred. Not enough to actually DO anything illegal. I just hate hate hate you now.

You have become, along with Activision and Electronic Arts, part of that exclusive club that exemplifies what is wrong with the games industry, and capitalism in general.

Screw you. Forever. You are banned, I'm not ever spending another penny on anything you will ever publish or make again.

This is not part of a boycott. This is me acting on this seething hatred which you created, turning my admiration into hatred. It's like magic really.,",-0.009259259259259259,0.272,0.624,0.104,-0.9762,-0.272
"Danny Michael for en gangs skyld så har det dukka opp et Early Access spill som jeg er for :D,",-0.05,0.0,1.0,0.0,0.0,-0.1290886879311069
"Melanie Weiß :D,",-0.3333333333333333,0.0,1.0,0.0,0.0,-0.8574929257125441
"Robert White Daniel Grilli the comments are a good sign. Let's get it :D,",-0.06666666666666667,0.0,0.805,0.195,0.4404,-0.17210709770537852
"Fix ur stupid client. I now have to reset my PC so it will update Siege. If I could I would sue u for crap service and for not caring about ur users,",-0.030303030303030304,0.249,0.751,0.0,-0.8238,-0.249
"hello douchebags from Steam ... what I already know is that you are selling crap with ineffective assistance, you crackheads mind if you send  me an e mail to the twats that should help me recover my account ?,",-0.02702702702702703,0.1,0.833,0.066,-0.1027,-0.1
"God dammit Stop using oth-Oh.

HA! Banished is an amazing game :D,",-0.08333333333333333,0.117,0.426,0.457,0.75,-0.21511595185875906
"fucking steam send me my verification code, stupid server if got problem announce it pls fucked up admins.,",-0.05555555555555555,0.407,0.543,0.05,-0.8807,-0.407
"Ej kurwa chce odzyskać konto mam pełne dane ale KONTO pocztowe przez INTERNETIE nie Istnieje czy mogę Odzyskać Konto?,",-0.05263157894736842,0.0,1.0,0.0,0.0,-0.13588160629966098
"kurwa moje konto posz,",-0.25,0.0,1.0,0.0,0.0,-0.6441566264008308
"z Izakami nie ma klopotu kto mi kurwa konto zablokowal,",-0.1,0.0,1.0,0.0,0.0,-0.2581128664598337
"is this like neighbour from hell?,",-0.16666666666666666,0.0,0.667,0.333,0.3612,-0.42993358039234775
"=D,",-1.0,0.0,1.0,0.0,0.0,-1
"You  guys really cant afford better servers to stream this crap,",-0.09090909090909091,0.386,0.614,0.0,-0.6878,-0.386
"your updates are fucking my cities skylines game more and more,",-0.09090909090909091,0.0,1.0,0.0,0.0,-0.23466162723196604
"the streams has ended and no all keys was given '-' wtf guys,",-0.08333333333333333,0.353,0.647,0.0,-0.7184,-0.353
"Looks good! Waiting for bigger discount :D,",-0.14285714285714285,0.0,0.653,0.347,0.4926,-0.36860489038724276
"David Liška Už abys dohrál ty předchozí! :D,",-0.125,0.0,0.708,0.292,0.4389,-0.3225806451612903
"Fucking sweet deal for 21 CAD$,",-0.16666666666666666,0.0,0.603,0.397,0.5095,-0.42993358039234775
"Sounds like a new porn...,",-0.2,0.0,0.545,0.455,0.3612,-0.5157106231293968
"Max Fuchs Stephan Eifrig endlich ist der offizielle riot simulator rausgekommen. perfekt für die revolution im wohnzimmer. allerdings spielt man auch die bullenseite :b,",-0.041666666666666664,0.352,0.648,0.0,-0.9081,-0.352
"Am i the only one to read ""slut"",",-0.125,0.0,1.0,0.0,0.0,-0.3225806451612903
"Thomas Berard :D,",-0.3333333333333333,0.0,1.0,0.0,0.0,-0.8574929257125441
"Voi vittu nyt lopetatte noi torihommat! Heti kun jossain vähänkin ohimennen mainitaan Suomi, niin toria tungetaan. Hävettää. Mun Suomi ei ole mikään huomionkipeä kakara :D,",-0.08,0.0,1.0,0.0,0.0,-0.2065150599499689
"I’m not even Finnish and I’ll celebrate like hell!!,",-0.07692307692307693,0.0,0.508,0.492,0.7772,-0.19857536769738443
"can I download a game without your shitty steam updates restarting the program and making me sign in half way through the night to finish install honestly wtf starting to fucking regret buying a game on steam!!!! </3,",-0.05263157894736842,0.179,0.689,0.132,-0.4831,-0.179
"Tahvo Korhonen :D,",-0.3333333333333333,0.0,1.0,0.0,0.0,-0.8574929257125441
"Never thought I’d see paid commenters. Now I have.,",-0.09090909090909091,0.0,1.0,0.0,0.0,-0.23466162723196604
"Hey guys I’m sorry to go off topic for a moment but there’s something I’d like to share (more like asking) 🙂 

Please follow and/or share this link. Thank you 🙏 

https://paypal.me/pools/c/7ZXUNSf18M,",-0.02631578947368421,0.026,0.552,0.421,0.9528,-0.06794550781149666
"There's a special level in hell for people who make cat puns.,",-0.07692307692307693,0.282,0.552,0.166,-0.4404,-0.282
"I bought 25€ paysafecard and i bought only CS go and i didn't get any money back wtf?????,",-0.05263157894736842,0.0,1.0,0.0,0.0,-0.13588160629966098
"Edwin  :D,",-0.5,0.0,1.0,0.0,0.0,-1
"You guys suck. Don't buy anything from these ass holes.,",-0.09090909090909091,0.444,0.556,0.0,-0.7506,-0.444
"Boring. Ass. Game.,",-0.3333333333333333,0.853,0.147,0.0,-0.7003,-0.8574929257125441
"q merd ee essa de vcs n coloca a descrição dos bang direito arruma essa bosta ai
Leo Oliveira Jonathan Vasconcelos,",-0.047619047619047616,0.0,1.0,0.0,0.0,-0.12294255990122585
"DOOM: VIRTUAL FUCKING REALITY,",-0.25,0.474,0.526,0.0,-0.4019,-0.6441566264008308
"Hell to the fucking YEAH !!!! Thomas Bodin ???,",-0.2857142857142857,0.399,0.443,0.158,-0.7018,-0.7357118927777097
"bfg - big fuckin' gun
vfr - very fuckin' real?,",-0.25,0.255,0.745,0.0,-0.34,-0.6441566264008308
"VIRTUAL FUCKING REALITY!,",-0.3333333333333333,0.0,1.0,0.0,0.0,-0.8574929257125441
